,T 01,T 02,T 03,T 04,T 05,T 06,T 07,T 08,T 09
28-jun-2021 16:30:00,2.30,1.86,2.13,1.77,5.06,4.49,4.44,4.42,2.71
28-jun-2021 16:31:00,2.73,2.12,2.60,2.09,5.13,3.93,4.31,4.08,3.09
28-jun-2021 16:32:00,3.72,3.38,3.65,3.25,5.37,3.92,4.60,4.36,3.92
28-jun-2021 16:33:00,4.29,4.06,4.24,3.95,5.63,4.51,5.04,4.89,4.35
28-jun-2021 16:34:00,4.25,4.01,4.14,3.90,5.94,5.29,5.47,5.41,4.33
28-jun-2021 16:35:00,4.30,4.06,4.19,3.95,6.36,5.81,5.86,5.82,4.46
28-jun-2021 16:36:00,4.41,4.17,4.26,4.02,6.67,6.21,6.18,6.16,4.58
28-jun-2021 16:37:00,4.05,3.58,4.15,3.74,6.13,4.67,5.34,5.09,4.57
28-jun-2021 16:38:00,3.63,2.88,3.78,3.16,5.67,3.89,4.88,4.52,4.21
28-jun-2021 16:39:00,3.28,2.39,3.45,2.73,5.22,3.38,4.49,4.07,3.87
28-jun-2021 16:40:00,2.96,1.91,3.13,2.31,4.87,2.94,4.09,3.66,3.52
28-jun-2021 16:41:00,2.63,1.52,2.80,1.93,4.54,2.54,3.72,3.27,3.22
28-jun-2021 16:42:00,2.33,1.21,2.49,1.62,4.22,2.20,3.38,2.97,2.85
28-jun-2021 16:43:00,2.07,0.92,2.21,1.32,3.87,1.90,3.13,2.67,2.58
28-jun-2021 16:44:00,1.78,0.69,1.95,1.09,3.66,1.64,2.87,2.41,2.30
28-jun-2021 16:45:00,1.55,0.47,1.71,0.86,3.42,1.40,2.58,2.15,2.04
28-jun-2021 16:46:00,1.96,1.16,2.01,1.30,3.58,1.86,2.81,2.50,2.26
28-jun-2021 16:47:00,1.92,1.36,1.87,1.45,3.87,2.98,3.40,3.24,2.31
28-jun-2021 16:48:00,2.04,1.59,1.94,1.53,4.41,3.76,3.85,3.79,2.47
28-jun-2021 16:49:00,2.23,1.86,2.08,1.73,4.84,4.27,4.32,4.24,2.68
28-jun-2021 16:50:00,2.43,2.08,2.25,1.95,5.21,4.74,4.73,4.67,2.89
28-jun-2021 16:51:00,3.95,3.68,3.85,3.52,5.41,4.18,4.77,4.58,4.07
28-jun-2021 16:52:00,4.58,4.39,4.52,4.25,5.73,4.71,5.25,5.06,4.66
28-jun-2021 16:53:00,4.59,4.33,4.49,4.23,5.92,5.34,5.57,5.46,4.60
28-jun-2021 16:54:00,4.60,4.36,4.47,4.23,6.31,5.83,5.98,5.88,4.69
28-jun-2021 16:55:00,4.64,4.43,4.51,4.30,6.61,6.21,6.24,6.23,4.81
28-jun-2021 16:56:00,4.35,3.96,4.45,4.07,6.25,4.97,5.55,5.32,4.79
28-jun-2021 16:57:00,3.84,3.07,3.98,3.36,5.70,4.09,4.99,4.67,4.43
28-jun-2021 16:58:00,3.44,2.56,3.59,2.88,5.28,3.52,4.55,4.17,4.00
28-jun-2021 16:59:00,3.06,2.05,3.22,2.44,4.90,3.03,4.13,3.75,3.62
28-jun-2021 17:00:00,2.73,1.67,2.89,2.08,4.58,2.64,3.79,3.36,3.28
28-jun-2021 17:01:00,2.37,1.27,2.57,1.72,4.24,2.29,3.46,3.00,2.98
28-jun-2021 17:02:00,2.09,0.95,2.25,1.38,3.95,1.94,3.10,2.70,2.62
28-jun-2021 17:03:00,1.81,0.66,1.97,1.09,3.64,1.65,2.82,2.39,2.28
28-jun-2021 17:04:00,1.55,0.43,1.69,0.84,3.36,1.42,2.58,2.13,2.02
28-jun-2021 17:05:00,1.94,1.13,1.99,1.29,3.50,1.81,2.78,2.46,2.24
28-jun-2021 17:06:00,1.87,1.31,1.83,1.37,3.78,2.91,3.32,3.14,2.28
28-jun-2021 17:07:00,2.00,1.54,1.89,1.48,4.30,3.61,3.84,3.66,2.44
28-jun-2021 17:08:00,2.17,1.78,2.02,1.67,4.70,4.12,4.23,4.08,2.62
28-jun-2021 17:09:00,2.36,2.00,2.19,1.88,5.06,4.58,4.53,4.46,2.84
28-jun-2021 17:10:00,3.82,3.54,3.73,3.40,5.23,4.03,4.61,4.40,3.93
28-jun-2021 17:11:00,4.43,4.24,4.37,4.10,5.56,4.53,5.07,4.90,4.53
28-jun-2021 17:12:00,4.45,4.21,4.33,4.08,5.74,5.16,5.39,5.30,4.47
28-jun-2021 17:13:00,4.44,4.21,4.31,4.11,6.10,5.64,5.70,5.68,4.55
28-jun-2021 17:14:00,4.50,4.28,4.37,4.17,6.41,5.99,6.03,6.05,4.65
28-jun-2021 17:15:00,4.65,4.39,4.51,4.27,6.59,6.04,6.11,6.02,4.83
28-jun-2021 17:16:00,3.92,3.33,4.03,3.55,5.76,4.31,5.15,4.77,4.45
28-jun-2021 17:17:00,3.54,2.71,3.68,3.02,5.34,3.66,4.66,4.30,4.07
28-jun-2021 17:18:00,3.13,2.21,3.30,2.58,4.92,3.18,4.23,3.85,3.66
28-jun-2021 17:19:00,2.78,1.79,2.95,2.21,4.55,2.78,3.87,3.45,3.29
28-jun-2021 17:20:00,2.43,1.41,2.62,1.83,4.21,2.39,3.50,3.06,2.96
28-jun-2021 17:21:00,2.13,1.05,2.30,1.48,3.90,2.03,3.17,2.74,2.64
28-jun-2021 17:22:00,1.85,0.79,2.02,1.19,3.63,1.76,2.85,2.46,2.37
28-jun-2021 17:23:00,1.58,0.47,1.73,0.90,3.36,1.46,2.61,2.16,2.10
28-jun-2021 17:24:00,1.90,1.08,1.96,1.24,3.40,1.77,2.74,2.40,2.19
28-jun-2021 17:25:00,1.87,1.32,1.84,1.41,3.68,2.81,3.23,3.10,2.26
28-jun-2021 17:26:00,1.99,1.53,1.90,1.49,4.23,3.55,3.73,3.62,2.42
28-jun-2021 17:27:00,2.14,1.76,2.01,1.66,4.63,4.05,4.08,4.00,2.59
28-jun-2021 17:28:00,2.34,1.96,2.18,1.87,5.00,4.52,4.45,4.42,2.80
28-jun-2021 17:29:00,3.73,3.45,3.63,3.29,5.14,3.98,4.56,4.34,3.80
28-jun-2021 17:30:00,4.35,4.16,4.28,4.03,5.51,4.46,4.98,4.81,4.40
28-jun-2021 17:31:00,4.36,4.16,4.28,4.03,5.62,5.03,5.34,5.20,4.41
28-jun-2021 17:32:00,4.39,4.15,4.25,4.04,5.97,5.52,5.68,5.56,4.48
28-jun-2021 17:33:00,4.44,4.23,4.31,4.11,6.29,5.90,5.99,5.89,4.59
28-jun-2021 17:34:00,4.53,4.32,4.40,4.18,6.55,6.21,6.22,6.21,4.72
28-jun-2021 17:35:00,4.33,3.96,4.47,4.10,6.08,4.78,5.46,5.21,4.79
28-jun-2021 17:36:00,3.83,3.04,3.96,3.34,5.59,4.01,4.95,4.59,4.34
28-jun-2021 17:37:00,3.34,2.52,3.54,2.87,5.19,3.45,4.44,4.10,3.96
28-jun-2021 17:38:00,2.99,2.02,3.16,2.44,4.73,2.96,4.06,3.67,3.55
28-jun-2021 17:39:00,2.61,1.59,2.81,2.03,4.39,2.55,3.66,3.25,3.18
28-jun-2021 17:40:00,2.29,1.20,2.47,1.67,4.04,2.18,3.32,2.89,2.79
28-jun-2021 17:41:00,1.96,0.87,2.14,1.33,3.75,1.86,3.01,2.57,2.42
28-jun-2021 17:42:00,1.72,0.58,1.86,1.03,3.47,1.59,2.70,2.28,2.18
28-jun-2021 17:43:00,1.69,0.72,1.77,1.00,3.31,1.54,2.61,2.26,2.07
28-jun-2021 17:44:00,1.87,1.24,1.88,1.37,3.42,2.34,3.06,2.78,2.19
28-jun-2021 17:45:00,1.94,1.41,1.85,1.43,3.97,3.28,3.52,3.41,2.32
28-jun-2021 17:46:00,2.07,1.66,1.94,1.57,4.43,3.83,3.94,3.83,2.50
28-jun-2021 17:47:00,2.26,1.88,2.10,1.78,4.80,4.27,4.28,4.24,2.69
28-jun-2021 17:48:00,3.36,3.02,3.21,2.85,4.98,3.87,4.37,4.14,3.50
28-jun-2021 17:49:00,4.12,3.90,4.04,3.76,5.34,4.24,4.79,4.61,4.18
28-jun-2021 17:50:00,4.41,4.17,4.35,4.07,5.47,4.74,5.18,5.02,4.44
28-jun-2021 17:51:00,4.40,4.16,4.29,4.05,5.82,5.36,5.55,5.45,4.44
28-jun-2021 17:52:00,4.42,4.18,4.29,4.09,6.16,5.74,5.91,5.75,4.55
28-jun-2021 17:53:00,4.51,4.28,4.37,4.17,6.46,6.07,6.14,6.06,4.67
28-jun-2021 17:54:00,4.81,4.47,4.79,4.50,6.35,5.29,5.74,5.53,5.01
28-jun-2021 17:55:00,3.93,3.28,4.05,3.54,5.69,4.19,5.06,4.72,4.50
28-jun-2021 17:56:00,3.50,2.68,3.65,3.00,5.28,3.64,4.60,4.26,4.06
28-jun-2021 17:57:00,3.09,2.17,3.27,2.57,4.83,3.15,4.19,3.78,3.62
28-jun-2021 17:58:00,2.74,1.77,2.93,2.20,4.48,2.73,3.79,3.42,3.31
28-jun-2021 17:59:00,2.40,1.37,2.59,1.80,4.13,2.33,3.40,3.07,2.95
28-jun-2021 18:00:00,2.07,0.99,2.27,1.44,3.80,1.96,3.09,2.68,2.61
28-jun-2021 18:01:00,1.81,0.70,1.97,1.13,3.55,1.66,2.82,2.39,2.28
28-jun-2021 18:02:00,1.57,0.42,1.72,0.86,3.28,1.41,2.53,2.11,2.01
28-jun-2021 18:03:00,1.94,1.15,1.96,1.32,3.45,1.87,2.75,2.47,2.15
28-jun-2021 18:04:00,1.90,1.32,1.83,1.40,3.78,2.97,3.33,3.18,2.26
28-jun-2021 18:05:00,2.01,1.54,1.90,1.50,4.24,3.59,3.70,3.67,2.42
28-jun-2021 18:06:00,2.16,1.78,2.02,1.67,4.60,4.04,4.00,4.05,2.60
28-jun-2021 18:07:00,2.52,2.15,2.32,1.99,4.92,4.19,4.25,4.13,2.92
28-jun-2021 18:08:00,3.81,3.55,3.72,3.40,5.13,3.99,4.53,4.36,3.88
28-jun-2021 18:09:00,4.34,4.15,4.29,4.04,5.41,4.44,4.91,4.76,4.41
28-jun-2021 18:10:00,4.27,4.07,4.21,3.96,5.55,5.02,5.18,5.13,4.34
28-jun-2021 18:11:00,4.32,4.09,4.21,4.00,5.91,5.45,5.48,5.51,4.43
28-jun-2021 18:12:00,4.32,4.12,4.21,4.03,6.16,5.82,5.70,5.77,4.49
28-jun-2021 18:13:00,4.55,4.31,4.42,4.20,6.38,5.85,5.92,5.80,4.75
28-jun-2021 18:14:00,4.73,4.41,4.85,4.54,6.26,5.09,5.69,5.46,5.08
28-jun-2021 18:15:00,4.05,3.33,4.19,3.65,5.76,4.28,5.12,4.79,4.58
28-jun-2021 18:16:00,3.73,2.76,3.86,3.13,5.33,3.75,4.70,4.34,4.18
28-jun-2021 18:17:00,3.39,2.39,3.55,2.78,5.01,3.39,4.36,3.98,3.82
28-jun-2021 18:18:00,3.04,2.05,3.21,2.47,4.72,3.06,4.02,3.63,3.53
28-jun-2021 18:19:00,2.76,1.77,2.91,2.18,4.38,2.74,3.72,3.35,3.23
28-jun-2021 18:20:00,3.08,2.40,3.07,2.56,4.50,3.19,3.95,3.66,3.32
28-jun-2021 18:21:00,3.03,2.54,2.96,2.58,4.82,4.09,4.38,4.26,3.40
28-jun-2021 18:22:00,3.15,2.79,3.06,2.72,5.29,4.68,4.75,4.69,3.57
28-jun-2021 18:23:00,3.29,2.99,3.16,2.90,5.61,5.09,5.04,5.04,3.74
28-jun-2021 18:24:00,3.97,3.73,3.70,3.45,5.92,5.18,5.30,5.16,4.20
28-jun-2021 18:25:00,5.07,4.90,4.97,4.74,6.22,5.26,5.75,5.58,5.12
28-jun-2021 18:26:00,5.49,5.33,5.44,5.26,6.43,5.67,6.09,5.91,5.54
28-jun-2021 18:27:00,5.49,5.30,5.41,5.21,6.65,6.24,6.34,6.35,5.53
28-jun-2021 18:28:00,5.47,5.27,5.38,5.19,6.92,6.60,6.59,6.62,5.56
28-jun-2021 18:29:00,5.54,5.35,5.43,5.28,7.22,6.94,6.88,6.92,5.69
28-jun-2021 18:30:00,5.88,5.65,5.74,5.54,7.39,6.72,6.91,6.79,6.03
28-jun-2021 18:31:00,6.61,6.46,6.54,6.34,7.64,6.80,7.18,7.06,6.68
28-jun-2021 18:32:00,5.98,5.67,6.15,5.86,7.36,6.29,6.84,6.68,6.38
28-jun-2021 18:33:00,5.44,4.69,5.56,5.02,6.95,5.58,6.39,6.10,5.93
28-jun-2021 18:34:00,5.04,4.03,5.19,4.41,6.58,5.04,5.97,5.57,5.51
28-jun-2021 18:35:00,4.66,3.53,4.79,3.96,6.18,4.53,5.51,5.13,5.07
28-jun-2021 18:36:00,4.24,3.12,4.40,3.56,5.81,4.11,5.13,4.71,4.68
28-jun-2021 18:37:00,3.83,2.77,4.00,3.22,5.40,3.74,4.75,4.39,4.31
28-jun-2021 18:38:00,3.43,2.37,3.62,2.83,5.04,3.39,4.40,4.00,3.91
28-jun-2021 18:39:00,2.98,1.99,3.18,2.45,4.65,2.95,3.95,3.59,3.52
28-jun-2021 18:40:00,2.65,1.73,2.83,2.15,4.33,2.66,3.67,3.28,3.18
28-jun-2021 18:41:00,2.94,2.30,2.96,2.51,4.44,3.18,3.96,3.68,3.28
28-jun-2021 18:42:00,2.99,2.47,2.92,2.55,4.92,4.21,4.46,4.39,3.42
28-jun-2021 18:43:00,3.13,2.73,3.01,2.70,5.37,4.80,4.86,4.86,3.59
28-jun-2021 18:44:00,3.31,2.95,3.15,2.87,5.75,5.23,5.21,5.26,3.79
28-jun-2021 18:45:00,4.15,3.86,3.93,3.63,5.98,5.09,5.35,5.18,4.40
28-jun-2021 18:46:00,5.12,4.95,5.03,4.79,6.27,5.28,5.78,5.59,5.19
28-jun-2021 18:47:00,5.57,5.42,5.52,5.29,6.48,5.76,6.15,6.05,5.56
28-jun-2021 18:48:00,5.54,5.31,5.42,5.20,6.74,6.38,6.46,6.47,5.55
28-jun-2021 18:49:00,5.51,5.31,5.42,5.23,7.10,6.75,6.74,6.76,5.63
28-jun-2021 18:50:00,5.58,5.38,5.48,5.30,7.35,7.07,7.04,7.06,5.76
28-jun-2021 18:51:00,6.01,5.78,5.87,5.66,7.46,6.62,6.89,6.77,6.16
28-jun-2021 18:52:00,6.75,6.62,6.66,6.47,7.76,6.88,7.28,7.17,6.81
28-jun-2021 18:53:00,5.61,5.16,5.73,5.37,7.08,5.87,6.54,6.31,6.06
28-jun-2021 18:54:00,5.23,4.36,5.33,4.68,6.72,5.28,6.15,5.84,5.67
28-jun-2021 18:55:00,4.81,3.80,4.97,4.17,6.34,4.79,5.76,5.38,5.28
28-jun-2021 18:56:00,4.46,3.31,4.59,3.75,5.95,4.34,5.31,4.94,4.89
28-jun-2021 18:57:00,4.06,2.93,4.25,3.39,5.58,3.96,4.97,4.56,4.53
28-jun-2021 18:58:00,3.60,2.56,3.78,3.02,5.24,3.55,4.56,4.19,4.12
28-jun-2021 18:59:00,3.18,2.23,3.42,2.69,4.89,3.23,4.20,3.86,3.70
28-jun-2021 19:00:00,2.83,1.94,3.09,2.37,4.60,2.88,3.88,3.54,3.39
28-jun-2021 19:01:00,2.82,2.02,2.94,2.30,4.38,2.81,3.74,3.43,3.23
28-jun-2021 19:02:00,2.98,2.41,2.99,2.58,4.48,3.52,4.13,3.90,3.34
28-jun-2021 19:03:00,3.06,2.61,2.99,2.61,5.08,4.44,4.62,4.54,3.48
28-jun-2021 19:04:00,3.21,2.86,3.09,2.78,5.50,4.96,5.02,5.03,3.66
28-jun-2021 19:05:00,3.39,3.07,3.23,2.98,5.85,5.36,5.38,5.44,3.86
28-jun-2021 19:06:00,4.66,4.44,4.49,4.21,6.16,5.12,5.50,5.36,4.75
28-jun-2021 19:07:00,5.40,5.25,5.31,5.09,6.46,5.51,5.95,5.87,5.45
28-jun-2021 19:08:00,5.66,5.47,5.59,5.37,6.58,5.99,6.33,6.20,5.68
28-jun-2021 19:09:00,5.64,5.42,5.53,5.33,6.91,6.48,6.55,6.57,5.69
28-jun-2021 19:10:00,5.64,5.44,5.54,5.36,7.19,6.82,6.79,6.85,5.80
28-jun-2021 19:11:00,5.71,5.51,5.59,5.43,7.42,7.11,7.00,7.15,5.91
28-jun-2021 19:12:00,6.36,6.18,6.24,6.02,7.58,6.71,7.07,6.94,6.44
28-jun-2021 19:13:00,6.03,5.67,6.16,5.85,7.35,6.26,6.87,6.66,6.38
28-jun-2021 19:14:00,5.38,4.71,5.50,4.97,6.85,5.57,6.33,6.04,5.82
28-jun-2021 19:15:00,5.03,4.03,5.18,4.40,6.54,5.04,5.94,5.62,5.44
28-jun-2021 19:16:00,4.64,3.55,4.78,3.95,6.15,4.56,5.49,5.15,5.04
28-jun-2021 19:17:00,4.24,3.14,4.41,3.60,5.77,4.12,5.14,4.76,4.65
28-jun-2021 19:18:00,3.89,2.81,4.07,3.27,5.46,3.75,4.77,4.40,4.35
28-jun-2021 19:19:00,3.55,2.49,3.73,2.94,5.11,3.43,4.46,4.08,4.00
28-jun-2021 19:20:00,3.18,2.17,3.37,2.62,4.83,3.07,4.10,3.76,3.67
28-jun-2021 19:21:00,2.82,1.86,3.01,2.28,4.46,2.79,3.75,3.42,3.34
28-jun-2021 19:22:00,2.86,2.07,2.96,2.31,4.38,2.80,3.74,3.42,3.23
28-jun-2021 19:23:00,2.93,2.40,2.92,2.52,4.52,3.62,4.19,3.96,3.32
28-jun-2021 19:24:00,3.03,2.58,2.94,2.58,5.11,4.47,4.61,4.55,3.48
28-jun-2021 19:25:00,3.17,2.81,3.04,2.74,5.52,4.96,4.97,4.98,3.65
28-jun-2021 19:26:00,3.36,3.03,3.20,2.94,5.85,5.39,5.33,5.41,3.84
28-jun-2021 19:27:00,4.72,4.51,4.59,4.32,6.13,5.03,5.53,5.35,4.85
28-jun-2021 19:28:00,5.42,5.27,5.33,5.12,6.46,5.49,5.96,5.86,5.48
28-jun-2021 19:29:00,5.59,5.40,5.51,5.30,6.63,6.05,6.33,6.27,5.61
28-jun-2021 19:30:00,5.56,5.37,5.46,5.26,6.97,6.58,6.61,6.64,5.64
28-jun-2021 19:31:00,5.59,5.40,5.47,5.30,7.26,6.93,6.91,6.95,5.73
28-jun-2021 19:32:00,5.65,5.46,5.52,5.35,7.52,7.25,7.21,7.26,5.85
28-jun-2021 19:33:00,6.46,6.30,6.36,6.15,7.58,6.69,7.09,6.98,6.55
28-jun-2021 19:34:00,5.90,5.59,6.03,5.75,7.25,6.13,6.73,6.56,6.28
28-jun-2021 19:35:00,5.36,4.74,5.46,4.95,6.85,5.49,6.30,6.00,5.83
28-jun-2021 19:36:00,4.99,4.03,5.11,4.36,6.46,4.99,5.88,5.54,5.46
28-jun-2021 19:37:00,4.60,3.52,4.76,3.92,6.13,4.50,5.49,5.13,5.07
28-jun-2021 19:38:00,4.21,3.13,4.38,3.57,5.79,4.08,5.09,4.71,4.64
28-jun-2021 19:39:00,3.74,2.77,3.96,3.18,5.38,3.65,4.71,4.34,4.28
28-jun-2021 19:40:00,3.38,2.44,3.56,2.85,5.04,3.36,4.34,4.01,3.89
28-jun-2021 19:41:00,3.04,2.14,3.24,2.52,4.71,3.02,4.04,3.68,3.54
28-jun-2021 19:42:00,2.68,1.83,2.90,2.21,4.40,2.70,3.70,3.35,3.23
28-jun-2021 19:43:00,3.01,2.30,3.06,2.47,4.45,2.95,3.83,3.56,3.34
28-jun-2021 19:44:00,2.98,2.46,2.93,2.54,4.75,3.98,4.33,4.21,3.41
28-jun-2021 19:45:00,3.09,2.70,3.01,2.66,5.26,4.61,4.72,4.74,3.57
28-jun-2021 19:46:00,3.25,2.93,3.12,2.83,5.63,5.08,5.05,5.10,3.72
28-jun-2021 19:47:00,3.44,3.11,3.27,3.03,5.97,5.49,5.39,5.46,3.92
28-jun-2021 19:48:00,4.98,4.78,4.87,4.61,6.19,5.18,5.65,5.53,5.06
28-jun-2021 19:49:00,5.58,5.44,5.50,5.30,6.54,5.67,6.12,5.98,5.63
28-jun-2021 19:50:00,5.54,5.35,5.46,5.26,6.67,6.23,6.38,6.35,5.57
28-jun-2021 19:51:00,5.53,5.34,5.44,5.24,7.01,6.65,6.64,6.66,5.61
28-jun-2021 19:52:00,5.57,5.37,5.46,5.30,7.27,6.97,6.90,6.93,5.73
28-jun-2021 19:53:00,5.66,5.47,5.53,5.37,7.57,7.28,7.16,7.26,5.87
28-jun-2021 19:54:00,6.65,6.51,6.57,6.38,7.72,6.82,7.22,7.11,6.74
28-jun-2021 19:55:00,5.61,5.23,5.74,5.41,7.12,5.88,6.56,6.33,6.09
28-jun-2021 19:56:00,5.28,4.46,5.38,4.76,6.75,5.34,6.15,5.85,5.70
28-jun-2021 19:57:00,4.89,3.88,5.02,4.24,6.40,4.81,5.76,5.39,5.33
28-jun-2021 19:58:00,4.52,3.43,4.65,3.83,6.00,4.35,5.39,4.98,4.93
28-jun-2021 19:59:00,4.12,3.04,4.26,3.47,5.67,3.94,4.99,4.61,4.57
28-jun-2021 20:00:00,3.74,2.69,3.91,3.10,5.27,3.60,4.61,4.24,4.21
28-jun-2021 20:01:00,3.35,2.35,3.55,2.77,4.97,3.29,4.30,3.90,3.85
28-jun-2021 20:02:00,2.98,2.02,3.17,2.44,4.65,2.92,3.95,3.59,3.49
28-jun-2021 20:03:00,2.69,1.77,2.85,2.15,4.30,2.67,3.65,3.29,3.15
28-jun-2021 20:04:00,2.97,2.32,2.98,2.53,4.43,3.12,3.91,3.68,3.27
28-jun-2021 20:05:00,2.99,2.49,2.94,2.55,4.94,4.20,4.46,4.40,3.42
28-jun-2021 20:06:00,3.12,2.72,3.00,2.67,5.41,4.82,4.87,4.85,3.58
28-jun-2021 20:07:00,3.28,2.94,3.14,2.85,5.78,5.24,5.24,5.31,3.76
28-jun-2021 20:08:00,4.17,3.87,3.93,3.63,5.99,5.02,5.37,5.15,4.40
28-jun-2021 20:09:00,5.16,4.98,5.06,4.81,6.33,5.28,5.77,5.64,5.24
28-jun-2021 20:10:00,5.60,5.47,5.56,5.33,6.54,5.76,6.15,6.07,5.59
28-jun-2021 20:11:00,5.59,5.38,5.47,5.26,6.83,6.39,6.50,6.53,5.60
28-jun-2021 20:12:00,5.57,5.36,5.45,5.26,7.12,6.78,6.77,6.80,5.67
28-jun-2021 20:13:00,5.62,5.41,5.49,5.32,7.40,7.13,7.05,7.11,5.79
28-jun-2021 20:14:00,6.07,5.83,5.93,5.68,7.52,6.63,6.95,6.82,6.19
28-jun-2021 20:15:00,6.43,6.18,6.47,6.23,7.51,6.54,7.06,6.89,6.62
28-jun-2021 20:16:00,5.44,4.89,5.53,5.11,6.92,5.61,6.37,6.13,5.88
28-jun-2021 20:17:00,5.05,4.14,5.19,4.47,6.56,5.06,5.97,5.62,5.48
28-jun-2021 20:18:00,4.65,3.60,4.78,3.98,6.16,4.53,5.52,5.16,5.10
28-jun-2021 20:19:00,4.29,3.17,4.43,3.60,5.82,4.16,5.13,4.79,4.73
28-jun-2021 20:20:00,3.83,2.83,4.01,3.25,5.46,3.75,4.77,4.43,4.32
28-jun-2021 20:21:00,3.44,2.49,3.64,2.91,5.08,3.40,4.39,4.04,3.95
28-jun-2021 20:22:00,3.12,2.19,3.31,2.61,4.80,3.07,4.08,3.74,3.61
28-jun-2021 20:23:00,2.82,1.90,3.00,2.31,4.49,2.81,3.79,3.48,3.34
28-jun-2021 20:24:00,2.92,2.14,3.01,2.37,4.42,2.84,3.75,3.50,3.29
28-jun-2021 20:25:00,2.99,2.43,2.97,2.58,4.53,3.69,4.24,4.03,3.39
28-jun-2021 20:26:00,3.08,2.62,2.98,2.63,5.11,4.45,4.60,4.57,3.51
28-jun-2021 20:27:00,3.21,2.86,3.09,2.78,5.49,4.95,4.96,4.98,3.68
28-jun-2021 20:28:00,3.39,3.07,3.23,2.97,5.82,5.32,5.25,5.35,3.86
28-jun-2021 20:29:00,4.69,4.46,4.56,4.29,6.05,5.04,5.52,5.30,4.81
28-jun-2021 20:30:00,5.39,5.24,5.30,5.09,6.43,5.50,5.98,5.84,5.45
28-jun-2021 20:31:00,5.55,5.35,5.49,5.27,6.58,5.99,6.27,6.23,5.55
28-jun-2021 20:32:00,5.50,5.33,5.45,5.24,6.91,6.51,6.54,6.56,5.58
28-jun-2021 20:33:00,5.54,5.34,5.45,5.26,7.20,6.87,6.82,6.84,5.70
28-jun-2021 20:34:00,5.61,5.42,5.50,5.33,7.49,7.18,7.09,7.14,5.80
28-jun-2021 20:35:00,6.41,6.25,6.32,6.12,7.58,6.66,7.06,6.98,6.52
28-jun-2021 20:36:00,6.19,5.86,6.32,6.03,7.41,6.39,6.96,6.76,6.47
28-jun-2021 20:37:00,5.47,4.87,5.58,5.09,6.94,5.62,6.39,6.11,5.99
28-jun-2021 20:38:00,5.12,4.15,5.23,4.49,6.62,5.07,6.00,5.65,5.54
28-jun-2021 20:39:00,4.71,3.66,4.84,4.04,6.20,4.55,5.57,5.19,5.19
28-jun-2021 20:40:00,4.30,3.25,4.45,3.64,5.83,4.12,5.16,4.79,4.78
28-jun-2021 20:41:00,3.95,2.90,4.10,3.31,5.48,3.80,4.81,4.47,4.40
28-jun-2021 20:42:00,3.57,2.54,3.74,2.96,5.15,3.42,4.47,4.10,4.07
28-jun-2021 20:43:00,3.19,2.20,3.38,2.61,4.80,3.09,4.13,3.75,3.72
28-jun-2021 20:44:00,2.82,1.90,3.03,2.31,4.50,2.80,3.79,3.45,3.35
28-jun-2021 20:45:00,2.86,2.06,2.95,2.32,4.42,2.78,3.74,3.41,3.26
28-jun-2021 20:46:00,2.95,2.43,2.93,2.54,4.53,3.64,4.20,4.02,3.34
28-jun-2021 20:47:00,3.02,2.57,2.95,2.59,5.17,4.47,4.63,4.62,3.48
28-jun-2021 20:48:00,3.18,2.81,3.05,2.74,5.59,5.00,5.02,5.04,3.67
28-jun-2021 20:49:00,3.35,3.00,3.19,2.92,5.93,5.42,5.35,5.43,3.83
28-jun-2021 20:50:00,4.69,4.44,4.55,4.26,6.04,4.97,5.50,5.30,4.81
28-jun-2021 20:51:00,5.40,5.23,5.31,5.08,6.46,5.48,5.95,5.85,5.46
28-jun-2021 20:52:00,5.56,5.37,5.46,5.25,6.57,6.04,6.27,6.22,5.57
28-jun-2021 20:53:00,5.55,5.33,5.42,5.22,6.95,6.53,6.58,6.58,5.59
28-jun-2021 20:54:00,5.56,5.37,5.45,5.27,7.25,6.90,6.88,6.89,5.71
28-jun-2021 20:55:00,5.62,5.44,5.49,5.32,7.50,7.19,7.14,7.20,5.82
28-jun-2021 20:56:00,6.44,6.28,6.33,6.12,7.58,6.66,7.04,6.95,6.54
28-jun-2021 20:57:00,5.87,5.55,6.01,5.72,7.24,6.11,6.70,6.52,6.26
28-jun-2021 20:58:00,5.36,4.72,5.45,4.93,6.88,5.45,6.29,5.98,5.81
28-jun-2021 20:59:00,4.99,4.02,5.10,4.35,6.46,4.91,5.88,5.52,5.47
28-jun-2021 21:00:00,4.60,3.54,4.74,3.90,6.10,4.47,5.47,5.07,5.07
28-jun-2021 21:01:00,4.21,3.14,4.37,3.53,5.75,4.05,5.08,4.69,4.68
28-jun-2021 21:02:00,3.84,2.76,4.00,3.18,5.42,3.64,4.70,4.31,4.30
28-jun-2021 21:03:00,3.41,2.46,3.59,2.85,5.05,3.34,4.38,4.00,3.90
28-jun-2021 21:04:00,3.02,2.13,3.23,2.52,4.72,2.97,4.02,3.66,3.62
28-jun-2021 21:05:00,2.70,1.83,2.88,2.21,4.44,2.65,3.70,3.33,3.23
28-jun-2021 21:06:00,2.98,2.26,3.02,2.44,4.47,2.87,3.80,3.54,3.31
28-jun-2021 21:07:00,2.95,2.48,2.94,2.54,4.69,3.88,4.32,4.17,3.39
28-jun-2021 21:08:00,3.08,2.68,2.99,2.65,5.25,4.58,4.71,4.70,3.54
28-jun-2021 21:09:00,3.24,2.92,3.11,2.82,5.61,5.04,5.05,5.09,3.73
28-jun-2021 21:10:00,3.42,3.12,3.27,3.03,5.90,5.42,5.33,5.44,3.92
28-jun-2021 21:11:00,4.94,4.73,4.82,4.57,6.17,5.15,5.64,5.46,5.03
28-jun-2021 21:12:00,5.55,5.38,5.47,5.27,6.52,5.65,6.09,5.99,5.60
28-jun-2021 21:13:00,5.56,5.34,5.50,5.25,6.66,6.18,6.35,6.33,5.59
28-jun-2021 21:14:00,5.54,5.35,5.46,5.26,7.02,6.62,6.64,6.66,5.64
28-jun-2021 21:15:00,5.59,5.40,5.48,5.32,7.31,6.98,6.92,6.93,5.74
28-jun-2021 21:16:00,5.67,5.49,5.55,5.39,7.60,7.28,7.16,7.23,5.87
28-jun-2021 21:17:00,6.61,6.47,6.53,6.32,7.68,6.79,7.18,7.08,6.68
28-jun-2021 21:18:00,5.71,5.39,5.86,5.58,7.20,5.97,6.64,6.44,6.18
28-jun-2021 21:19:00,5.43,4.74,5.47,4.95,6.87,5.51,6.32,6.05,5.85
28-jun-2021 21:20:00,6.05,5.73,5.99,5.65,7.20,6.09,6.67,6.53,6.23
28-jun-2021 21:21:00,6.84,6.71,6.75,6.57,7.69,6.87,7.25,7.16,6.88
28-jun-2021 21:22:00,7.44,7.37,7.36,7.22,8.11,7.47,7.76,7.73,7.44
28-jun-2021 21:23:00,7.94,7.88,7.86,7.75,8.53,7.97,8.20,8.18,7.96
28-jun-2021 21:24:00,8.38,8.30,8.30,8.19,8.94,8.40,8.63,8.60,8.38
28-jun-2021 21:25:00,8.73,8.66,8.67,8.57,9.29,8.76,8.99,8.96,8.75
28-jun-2021 21:26:00,9.08,9.00,9.02,8.90,9.60,9.09,9.32,9.31,9.10
28-jun-2021 21:27:00,9.43,9.35,9.37,9.26,9.94,9.44,9.68,9.65,9.43
28-jun-2021 21:28:00,9.77,9.69,9.70,9.61,10.25,9.78,10.00,9.97,9.76
28-jun-2021 21:29:00,10.10,10.02,10.04,9.95,10.58,10.10,10.32,10.29,10.09
28-jun-2021 21:30:00,10.43,10.34,10.36,10.28,10.87,10.43,10.62,10.62,10.42
28-jun-2021 21:31:00,10.75,10.66,10.69,10.60,11.19,10.73,10.94,10.92,10.74
28-jun-2021 21:32:00,11.07,10.99,11.01,10.91,11.48,11.04,11.24,11.23,11.06
28-jun-2021 21:33:00,11.37,11.29,11.31,11.22,11.75,11.34,11.54,11.53,11.36
28-jun-2021 21:34:00,11.65,11.57,11.60,11.51,12.00,11.63,11.81,11.79,11.66
28-jun-2021 21:35:00,11.95,11.86,11.88,11.79,12.27,11.91,12.09,12.06,11.92
28-jun-2021 21:36:00,12.21,12.13,12.16,12.07,12.53,12.18,12.35,12.34,12.20
28-jun-2021 21:37:00,12.48,12.38,12.42,12.33,12.78,12.45,12.59,12.57,12.45
28-jun-2021 21:38:00,12.74,12.64,12.68,12.59,13.00,12.69,12.86,12.85,12.70
28-jun-2021 21:39:00,12.40,12.21,12.60,12.39,12.95,12.36,12.74,12.63,12.60
28-jun-2021 21:40:00,11.48,11.28,11.63,11.47,12.33,11.60,12.05,11.95,11.81
28-jun-2021 21:41:00,10.81,10.52,10.96,10.72,11.85,10.93,11.48,11.34,11.23
28-jun-2021 21:42:00,10.22,9.74,10.35,9.97,11.42,10.32,10.97,10.74,10.63
28-jun-2021 21:43:00,9.68,9.00,9.83,9.23,10.93,9.69,10.48,10.18,10.12
28-jun-2021 21:44:00,9.17,8.29,9.32,8.54,10.51,9.10,9.97,9.64,9.64
28-jun-2021 21:45:00,8.64,7.62,8.85,7.96,10.07,8.56,9.49,9.11,9.17
28-jun-2021 21:46:00,8.15,7.01,8.37,7.42,9.59,8.02,9.00,8.60,8.71
28-jun-2021 21:47:00,7.65,6.45,7.87,6.91,9.10,7.50,8.53,8.10,8.19
28-jun-2021 21:48:00,7.20,5.97,7.42,6.46,8.71,7.00,8.09,7.64,7.75
28-jun-2021 21:49:00,6.75,5.52,6.97,6.01,8.29,6.52,7.60,7.21,7.29
28-jun-2021 21:50:00,6.28,5.10,6.52,5.59,7.81,6.10,7.15,6.76,6.80
28-jun-2021 21:51:00,5.88,4.73,6.12,5.21,7.45,5.67,6.79,6.36,6.43
28-jun-2021 21:52:00,5.48,4.35,5.69,4.81,7.02,5.35,6.36,5.99,5.99
28-jun-2021 21:53:00,5.08,4.03,5.34,4.49,6.74,4.98,6.03,5.64,5.63
28-jun-2021 21:54:00,4.69,3.65,4.93,4.10,6.37,4.62,5.62,5.26,5.22
28-jun-2021 21:55:00,4.32,3.34,4.58,3.79,6.03,4.29,5.28,4.94,4.88
28-jun-2021 21:56:00,3.99,3.02,4.23,3.46,5.70,3.97,4.97,4.60,4.62
28-jun-2021 21:57:00,3.64,2.73,3.89,3.14,5.35,3.67,4.62,4.28,4.24
28-jun-2021 21:58:00,3.33,2.34,3.58,2.79,5.01,3.28,4.29,3.94,3.89
28-jun-2021 21:59:00,3.00,1.97,3.24,2.44,4.70,2.91,3.96,3.59,3.52
28-jun-2021 22:00:00,2.69,1.62,2.93,2.06,4.41,2.61,3.65,3.25,3.24
28-jun-2021 22:01:00,2.94,2.11,3.03,2.33,4.46,2.80,3.78,3.43,3.29
28-jun-2021 22:02:00,2.93,2.31,2.88,2.39,4.71,3.89,4.33,4.15,3.35
28-jun-2021 22:03:00,3.04,2.53,2.93,2.52,5.27,4.59,4.70,4.67,3.50
28-jun-2021 22:04:00,3.20,2.71,3.04,2.69,5.65,5.06,5.08,5.13,3.67
28-jun-2021 22:05:00,3.40,2.94,3.20,2.89,5.99,5.49,5.44,5.53,3.87
28-jun-2021 22:06:00,4.65,4.32,4.53,4.21,6.05,4.82,5.41,5.19,4.79
28-jun-2021 22:07:00,5.31,5.11,5.23,5.00,6.40,5.37,5.88,5.75,5.39
28-jun-2021 22:08:00,5.33,5.09,5.21,4.98,6.54,6.01,6.19,6.19,5.38
28-jun-2021 22:09:00,5.34,5.10,5.23,5.01,6.93,6.48,6.52,6.55,5.43
28-jun-2021 22:10:00,5.37,5.15,5.26,5.08,7.24,6.85,6.80,6.84,5.55
28-jun-2021 22:11:00,5.47,5.25,5.33,5.14,7.54,7.17,7.09,7.14,5.67
28-jun-2021 22:12:00,6.49,6.29,6.38,6.16,7.59,6.65,7.09,6.95,6.55
28-jun-2021 22:13:00,5.62,5.29,5.80,5.49,7.14,5.93,6.58,6.35,6.09
28-jun-2021 22:14:00,5.20,4.50,5.32,4.75,6.76,5.30,6.15,5.83,5.71
28-jun-2021 22:15:00,4.78,3.89,4.94,4.21,6.34,4.78,5.71,5.40,5.34
28-jun-2021 22:16:00,4.34,3.43,4.53,3.78,5.94,4.28,5.31,4.94,4.93
28-jun-2021 22:17:00,3.88,3.01,4.11,3.40,5.53,3.88,4.90,4.54,4.50
28-jun-2021 22:18:00,3.48,2.66,3.75,3.02,5.16,3.51,4.53,4.18,4.13
28-jun-2021 22:19:00,3.11,2.28,3.34,2.65,4.83,3.14,4.17,3.81,3.73
28-jun-2021 22:20:00,2.74,1.94,2.99,2.30,4.48,2.76,3.78,3.47,3.39
28-jun-2021 22:21:00,2.70,1.95,2.84,2.22,4.31,2.69,3.67,3.33,3.23
28-jun-2021 22:22:00,2.89,2.36,2.87,2.49,4.46,3.41,4.07,3.84,3.28
28-jun-2021 22:23:00,2.95,2.51,2.88,2.53,5.04,4.34,4.52,4.45,3.43
28-jun-2021 22:24:00,3.12,2.76,2.99,2.69,5.49,4.88,4.92,4.93,3.62
28-jun-2021 22:25:00,3.29,2.97,3.13,2.86,5.83,5.28,5.27,5.35,3.78
28-jun-2021 22:26:00,4.54,4.26,4.36,4.06,6.06,4.95,5.42,5.27,4.66
28-jun-2021 22:27:00,5.31,5.14,5.21,4.98,6.40,5.40,5.88,5.75,5.38
28-jun-2021 22:28:00,5.58,5.39,5.49,5.29,6.49,5.91,6.25,6.17,5.57
28-jun-2021 22:29:00,5.55,5.35,5.45,5.22,6.90,6.45,6.54,6.55,5.59
28-jun-2021 22:30:00,5.56,5.37,5.46,5.27,7.21,6.84,6.81,6.89,5.69
28-jun-2021 22:31:00,5.63,5.44,5.50,5.32,7.47,7.14,7.06,7.17,5.80
28-jun-2021 22:32:00,6.36,6.14,6.21,5.98,7.55,6.63,7.03,6.88,6.43
28-jun-2021 22:33:00,5.75,5.52,5.94,5.68,7.18,6.04,6.66,6.48,6.21
28-jun-2021 22:34:00,5.27,4.62,5.38,4.84,6.83,5.38,6.24,5.91,5.75
28-jun-2021 22:35:00,4.92,3.99,5.05,4.30,6.44,4.87,5.83,5.47,5.40
28-jun-2021 22:36:00,4.55,3.53,4.70,3.89,6.10,4.38,5.42,5.04,5.08
28-jun-2021 22:37:00,4.17,3.16,4.33,3.53,5.73,4.00,5.06,4.70,4.67
28-jun-2021 22:38:00,3.75,2.81,3.95,3.18,5.39,3.64,4.72,4.33,4.31
28-jun-2021 22:39:00,3.38,2.46,3.59,2.83,4.99,3.33,4.36,3.99,3.97
28-jun-2021 22:40:00,3.00,2.16,3.23,2.53,4.73,2.99,4.04,3.67,3.59
28-jun-2021 22:41:00,2.65,1.83,2.88,2.20,4.35,2.62,3.67,3.32,3.22
28-jun-2021 22:42:00,2.95,2.27,3.01,2.44,4.45,2.88,3.80,3.52,3.32
28-jun-2021 22:43:00,2.95,2.48,2.92,2.55,4.71,3.91,4.32,4.20,3.38
28-jun-2021 22:44:00,3.08,2.69,3.00,2.65,5.29,4.65,4.76,4.78,3.56
28-jun-2021 22:45:00,3.26,2.93,3.12,2.82,5.68,5.12,5.13,5.20,3.73
28-jun-2021 22:46:00,3.44,3.11,3.27,3.02,6.03,5.52,5.47,5.59,3.92
28-jun-2021 22:47:00,5.04,4.83,4.90,4.65,6.26,5.20,5.70,5.54,5.10
28-jun-2021 22:48:00,5.62,5.47,5.53,5.32,6.62,5.67,6.13,6.03,5.68
28-jun-2021 22:49:00,5.64,5.41,5.50,5.31,6.69,6.21,6.37,6.37,5.64
28-jun-2021 22:50:00,5.63,5.41,5.50,5.31,7.00,6.61,6.64,6.71,5.71
28-jun-2021 22:51:00,5.63,5.44,5.53,5.35,7.23,6.90,6.85,6.98,5.81
28-jun-2021 22:52:00,5.73,5.54,5.59,5.44,7.51,7.22,7.09,7.28,5.95
28-jun-2021 22:53:00,6.65,6.49,6.56,6.36,7.72,6.82,7.23,7.14,6.71
28-jun-2021 22:54:00,5.43,5.02,5.58,5.20,7.04,5.70,6.44,6.17,5.97
28-jun-2021 22:55:00,5.09,4.26,5.22,4.56,6.69,5.16,6.07,5.69,5.62
28-jun-2021 22:56:00,4.68,3.72,4.84,4.06,6.26,4.65,5.62,5.25,5.23
28-jun-2021 22:57:00,4.29,3.32,4.48,3.67,5.89,4.18,5.21,4.85,4.84
28-jun-2021 22:58:00,3.92,2.94,4.11,3.34,5.56,3.82,4.85,4.48,4.49
28-jun-2021 22:59:00,3.54,2.63,3.75,3.01,5.21,3.49,4.52,4.15,4.10
28-jun-2021 23:00:00,3.14,2.29,3.38,2.66,4.85,3.12,4.14,3.81,3.75
28-jun-2021 23:01:00,2.76,1.95,2.99,2.33,4.53,2.80,3.81,3.48,3.40
28-jun-2021 23:02:00,2.78,2.01,2.88,2.26,4.35,2.76,3.69,3.39,3.23
28-jun-2021 23:03:00,2.91,2.42,2.88,2.54,4.41,3.50,4.07,3.84,3.33
28-jun-2021 23:04:00,2.99,2.56,2.92,2.58,5.04,4.34,4.53,4.45,3.47
28-jun-2021 23:05:00,3.13,2.78,3.01,2.72,5.48,4.88,4.92,4.94,3.63
28-jun-2021 23:06:00,3.31,3.00,3.17,2.91,5.85,5.30,5.27,5.37,3.82
28-jun-2021 23:07:00,4.54,4.26,4.36,4.09,6.04,4.97,5.42,5.25,4.64
28-jun-2021 23:08:00,5.30,5.12,5.19,4.98,6.38,5.38,5.85,5.79,5.37
28-jun-2021 23:09:00,5.56,5.37,5.50,5.28,6.52,5.89,6.25,6.14,5.57
28-jun-2021 23:10:00,5.53,5.32,5.43,5.23,6.91,6.47,6.53,6.54,5.59
28-jun-2021 23:11:00,5.55,5.34,5.44,5.25,7.19,6.84,6.81,6.87,5.69
28-jun-2021 23:12:00,5.61,5.43,5.49,5.31,7.49,7.13,7.08,7.17,5.80
28-jun-2021 23:13:00,6.32,6.13,6.19,5.96,7.54,6.62,7.02,6.88,6.41
28-jun-2021 23:14:00,6.43,6.23,6.54,6.30,7.56,6.57,7.09,6.95,6.65
28-jun-2021 23:15:00,5.47,5.00,5.61,5.18,6.96,5.66,6.44,6.17,5.96
28-jun-2021 23:16:00,5.12,4.27,5.25,4.57,6.59,5.13,6.06,5.69,5.63
28-jun-2021 23:17:00,4.71,3.73,4.85,4.07,6.24,4.60,5.62,5.20,5.22
28-jun-2021 23:18:00,4.34,3.30,4.50,3.69,5.89,4.19,5.23,4.87,4.88
28-jun-2021 23:19:00,3.88,2.94,4.10,3.33,5.53,3.79,4.84,4.47,4.42
28-jun-2021 23:20:00,3.45,2.59,3.68,2.97,5.13,3.45,4.44,4.11,4.03
28-jun-2021 23:21:00,3.09,2.30,3.35,2.66,4.88,3.11,4.13,3.79,3.69
28-jun-2021 23:22:00,2.75,1.96,3.00,2.32,4.49,2.79,3.78,3.45,3.37
28-jun-2021 23:23:00,2.83,2.11,2.94,2.34,4.40,2.77,3.75,3.43,3.27
28-jun-2021 23:24:00,2.93,2.42,2.95,2.54,4.52,3.57,4.16,3.96,3.39
28-jun-2021 23:25:00,3.02,2.60,2.96,2.60,5.04,4.36,4.57,4.51,3.51
28-jun-2021 23:26:00,3.18,2.86,3.08,2.77,5.45,4.88,4.92,4.95,3.68
28-jun-2021 23:27:00,3.35,3.05,3.21,2.95,5.79,5.32,5.24,5.30,3.84
28-jun-2021 23:28:00,4.69,4.43,4.53,4.22,6.07,5.03,5.50,5.31,4.81
28-jun-2021 23:29:00,5.40,5.22,5.29,5.08,6.45,5.49,5.95,5.85,5.45
28-jun-2021 23:30:00,5.58,5.41,5.51,5.30,6.58,6.00,6.31,6.23,5.60
28-jun-2021 23:31:00,5.55,5.37,5.46,5.25,6.92,6.50,6.55,6.57,5.62
28-jun-2021 23:32:00,5.59,5.40,5.49,5.30,7.21,6.86,6.82,6.86,5.73
28-jun-2021 23:33:00,5.65,5.47,5.54,5.37,7.48,7.17,7.06,7.15,5.84
28-jun-2021 23:34:00,6.41,6.22,6.31,6.08,7.57,6.65,7.07,6.94,6.50
28-jun-2021 23:35:00,5.91,5.69,6.11,5.83,7.30,6.17,6.80,6.59,6.35
28-jun-2021 23:36:00,5.36,4.74,5.46,4.97,6.90,5.50,6.28,5.98,5.82
28-jun-2021 23:37:00,4.99,4.09,5.12,4.41,6.50,4.99,5.91,5.54,5.51
28-jun-2021 23:38:00,4.60,3.60,4.76,3.97,6.13,4.51,5.49,5.13,5.10
28-jun-2021 23:39:00,4.23,3.19,4.38,3.58,5.73,4.07,5.12,4.72,4.72
28-jun-2021 23:40:00,3.86,2.86,4.04,3.24,5.41,3.70,4.78,4.38,4.37
28-jun-2021 23:41:00,3.44,2.52,3.66,2.91,5.08,3.38,4.41,4.08,4.02
28-jun-2021 23:42:00,3.04,2.20,3.28,2.58,4.77,3.06,4.09,3.73,3.64
28-jun-2021 23:43:00,2.68,1.86,2.94,2.26,4.45,2.70,3.72,3.36,3.28
28-jun-2021 23:44:00,2.93,2.24,3.01,2.42,4.41,2.84,3.79,3.51,3.30
28-jun-2021 23:45:00,2.95,2.47,2.90,2.54,4.68,3.86,4.29,4.16,3.38
28-jun-2021 23:46:00,3.08,2.69,2.97,2.63,5.27,4.60,4.71,4.70,3.54
28-jun-2021 23:47:00,3.24,2.91,3.11,2.81,5.66,5.09,5.09,5.17,3.72
28-jun-2021 23:48:00,3.43,3.11,3.26,3.01,6.00,5.49,5.42,5.57,3.91
28-jun-2021 23:49:00,4.97,4.74,4.82,4.53,6.22,5.14,5.63,5.50,5.05
28-jun-2021 23:50:00,5.61,5.43,5.50,5.29,6.59,5.65,6.12,6.01,5.66
28-jun-2021 23:51:00,5.63,5.44,5.53,5.31,6.72,6.20,6.41,6.38,5.66
28-jun-2021 23:52:00,5.62,5.43,5.50,5.30,7.05,6.66,6.70,6.72,5.71
28-jun-2021 23:53:00,5.67,5.48,5.55,5.38,7.31,7.00,6.96,7.03,5.85
28-jun-2021 23:54:00,5.75,5.56,5.60,5.44,7.55,7.26,7.14,7.30,5.96
28-jun-2021 23:55:00,6.63,6.45,6.53,6.30,7.66,6.77,7.19,7.08,6.69
28-jun-2021 23:56:00,5.53,5.20,5.68,5.37,7.06,5.82,6.53,6.30,6.08
28-jun-2021 23:57:00,5.18,4.40,5.30,4.68,6.69,5.26,6.12,5.80,5.69
28-jun-2021 23:58:00,4.77,3.80,4.93,4.15,6.30,4.72,5.69,5.33,5.30
28-jun-2021 23:59:00,4.34,3.37,4.53,3.74,5.96,4.23,5.27,4.89,4.88
29-jun-2021 00:00:00,3.95,3.02,4.18,3.41,5.57,3.86,4.92,4.53,4.51
29-jun-2021 00:01:00,3.55,2.69,3.78,3.07,5.23,3.54,4.57,4.21,4.13
29-jun-2021 00:02:00,3.23,2.35,3.45,2.75,4.91,3.24,4.23,3.85,3.80
29-jun-2021 00:03:00,2.88,2.03,3.10,2.42,4.58,2.87,3.92,3.55,3.47
29-jun-2021 00:04:00,2.70,1.87,2.84,2.20,4.30,2.67,3.67,3.32,3.24
29-jun-2021 00:05:00,2.92,2.35,2.94,2.50,4.39,3.28,3.99,3.71,3.35
29-jun-2021 00:06:00,2.97,2.51,2.92,2.55,4.94,4.23,4.45,4.39,3.47
29-jun-2021 00:07:00,3.12,2.74,3.00,2.70,5.41,4.81,4.86,4.84,3.62
29-jun-2021 00:08:00,3.29,2.96,3.14,2.86,5.80,5.25,5.22,5.28,3.79
29-jun-2021 00:09:00,4.31,3.98,4.09,3.76,5.97,4.95,5.34,5.12,4.47
29-jun-2021 00:10:00,5.17,4.97,5.07,4.82,6.28,5.28,5.78,5.65,5.24
29-jun-2021 00:11:00,5.52,5.37,5.45,5.24,6.39,5.75,6.11,6.05,5.52
29-jun-2021 00:12:00,5.47,5.29,5.38,5.16,6.78,6.34,6.44,6.45,5.52
29-jun-2021 00:13:00,5.49,5.29,5.39,5.20,7.10,6.73,6.72,6.76,5.62
29-jun-2021 00:14:00,5.54,5.35,5.44,5.25,7.40,7.07,7.01,7.06,5.74
29-jun-2021 00:15:00,6.14,5.91,5.99,5.73,7.46,6.54,6.90,6.76,6.26
29-jun-2021 00:16:00,6.80,6.65,6.74,6.53,7.73,6.88,7.30,7.20,6.86
29-jun-2021 00:17:00,5.54,5.16,5.68,5.33,7.03,5.80,6.51,6.26,6.05
29-jun-2021 00:18:00,5.18,4.38,5.30,4.66,6.68,5.18,6.10,5.77,5.67
29-jun-2021 00:19:00,4.78,3.78,4.94,4.12,6.24,4.68,5.67,5.29,5.30
29-jun-2021 00:20:00,4.38,3.34,4.55,3.72,5.88,4.23,5.27,4.88,4.89
29-jun-2021 00:21:00,3.96,2.97,4.17,3.37,5.53,3.84,4.89,4.51,4.48
29-jun-2021 00:22:00,3.54,2.63,3.79,3.01,5.20,3.44,4.52,4.15,4.14
29-jun-2021 00:23:00,3.15,2.28,3.38,2.66,4.81,3.12,4.14,3.80,3.74
29-jun-2021 00:24:00,2.76,1.92,3.01,2.32,4.47,2.78,3.78,3.45,3.37
29-jun-2021 00:25:00,2.82,2.08,2.94,2.31,4.39,2.75,3.72,3.41,3.28
29-jun-2021 00:26:00,2.94,2.45,2.95,2.51,4.52,3.59,4.20,3.99,3.35
29-jun-2021 00:27:00,3.07,2.64,2.97,2.61,5.15,4.45,4.63,4.62,3.51
29-jun-2021 00:28:00,3.20,2.88,3.08,2.77,5.54,5.01,5.00,5.04,3.69
29-jun-2021 00:29:00,3.38,3.09,3.24,2.97,5.92,5.43,5.36,5.51,3.87
29-jun-2021 00:30:00,4.78,4.53,4.61,4.31,6.15,5.06,5.57,5.37,4.88
29-jun-2021 00:31:00,5.49,5.30,5.37,5.15,6.51,5.54,6.03,5.88,5.55
29-jun-2021 00:32:00,5.68,5.48,5.57,5.36,6.64,6.03,6.37,6.34,5.68
29-jun-2021 00:33:00,5.64,5.44,5.54,5.33,7.01,6.61,6.67,6.71,5.71
29-jun-2021 00:34:00,5.66,5.45,5.55,5.35,7.30,6.96,6.94,6.98,5.80
29-jun-2021 00:35:00,5.72,5.53,5.59,5.42,7.54,7.23,7.18,7.26,5.92
29-jun-2021 00:36:00,6.49,6.30,6.37,6.15,7.61,6.72,7.12,7.01,6.55
29-jun-2021 00:37:00,5.72,5.48,5.91,5.65,7.18,6.02,6.66,6.46,6.19
29-jun-2021 00:38:00,5.28,4.66,5.40,4.90,6.79,5.41,6.24,5.93,5.78
29-jun-2021 00:39:00,4.88,4.01,5.03,4.33,6.46,4.88,5.85,5.47,5.41
29-jun-2021 00:40:00,4.46,3.49,4.64,3.85,6.03,4.38,5.40,5.00,4.99
29-jun-2021 00:41:00,4.04,3.10,4.26,3.48,5.66,3.96,4.99,4.62,4.64
29-jun-2021 00:42:00,3.68,2.75,3.90,3.15,5.36,3.61,4.64,4.30,4.29
29-jun-2021 00:43:00,3.30,2.46,3.54,2.84,5.00,3.28,4.31,3.95,3.89
29-jun-2021 00:44:00,2.94,2.11,3.18,2.50,4.67,2.96,4.00,3.63,3.55
29-jun-2021 00:45:00,2.62,1.82,2.84,2.19,4.31,2.66,3.69,3.32,3.21
29-jun-2021 00:46:00,2.97,2.30,3.01,2.51,4.44,3.02,3.89,3.60,3.32
29-jun-2021 00:47:00,2.96,2.48,2.91,2.53,4.84,4.10,4.41,4.32,3.43
29-jun-2021 00:48:00,3.10,2.71,3.00,2.68,5.33,4.71,4.81,4.82,3.61
29-jun-2021 00:49:00,3.28,2.94,3.13,2.84,5.72,5.18,5.15,5.21,3.77
29-jun-2021 00:50:00,4.03,3.67,3.76,3.47,5.94,5.05,5.35,5.20,4.31
29-jun-2021 00:51:00,5.08,4.87,4.98,4.73,6.25,5.22,5.73,5.56,5.14
29-jun-2021 00:52:00,5.55,5.38,5.49,5.30,6.49,5.71,6.08,6.00,5.58
29-jun-2021 00:53:00,5.49,5.30,5.41,5.20,6.76,6.28,6.40,6.41,5.54
29-jun-2021 00:54:00,5.52,5.32,5.43,5.23,7.10,6.72,6.71,6.73,5.63
29-jun-2021 00:55:00,5.56,5.36,5.44,5.27,7.37,7.03,6.96,7.02,5.74
29-jun-2021 00:56:00,5.95,5.70,5.81,5.57,7.48,6.65,6.93,6.81,6.11
29-jun-2021 00:57:00,6.74,6.58,6.64,6.45,7.70,6.86,7.28,7.17,6.80
29-jun-2021 00:58:00,5.63,5.33,5.79,5.50,7.15,5.92,6.59,6.38,6.14
29-jun-2021 00:59:00,5.28,4.53,5.40,4.80,6.79,5.33,6.20,5.88,5.80
29-jun-2021 01:00:00,4.90,3.93,5.04,4.26,6.38,4.79,5.81,5.40,5.39
29-jun-2021 01:01:00,4.46,3.48,4.63,3.84,6.02,4.36,5.37,4.99,4.99
29-jun-2021 01:02:00,4.02,3.10,4.23,3.47,5.66,3.96,4.97,4.62,4.54
29-jun-2021 01:03:00,3.64,2.72,3.86,3.11,5.31,3.61,4.61,4.25,4.23
29-jun-2021 01:04:00,3.28,2.39,3.49,2.77,4.94,3.27,4.27,3.92,3.89
29-jun-2021 01:05:00,2.89,2.04,3.13,2.44,4.60,2.90,3.93,3.58,3.48
29-jun-2021 01:06:00,2.66,1.87,2.85,2.19,4.35,2.65,3.65,3.31,3.20
29-jun-2021 01:07:00,2.90,2.33,2.92,2.49,4.36,3.28,3.98,3.80,3.31
29-jun-2021 01:08:00,2.97,2.49,2.90,2.53,5.01,4.24,4.48,4.41,3.45
29-jun-2021 01:09:00,3.12,2.75,3.01,2.69,5.48,4.84,4.90,4.92,3.62
29-jun-2021 01:10:00,3.31,2.98,3.15,2.87,5.82,5.27,5.24,5.32,3.79
29-jun-2021 01:11:00,4.39,4.08,4.16,3.85,6.03,4.99,5.43,5.20,4.58
29-jun-2021 01:12:00,5.25,5.06,5.13,4.89,6.31,5.35,5.84,5.74,5.32
29-jun-2021 01:13:00,5.62,5.42,5.54,5.34,6.51,5.82,6.21,6.16,5.65
29-jun-2021 01:14:00,5.56,5.37,5.49,5.25,6.88,6.42,6.52,6.53,5.62
29-jun-2021 01:15:00,5.59,5.39,5.49,5.29,7.20,6.82,6.82,6.84,5.72
29-jun-2021 01:16:00,5.64,5.45,5.52,5.35,7.44,7.10,7.05,7.11,5.83
29-jun-2021 01:17:00,6.22,5.99,6.08,5.84,7.52,6.60,6.97,6.83,6.32
29-jun-2021 01:18:00,6.38,6.16,6.48,6.22,7.51,6.52,7.04,6.89,6.64
29-jun-2021 01:19:00,5.43,4.93,5.55,5.12,6.90,5.64,6.39,6.13,5.94
29-jun-2021 01:20:00,5.04,4.20,5.17,4.49,6.55,5.08,5.99,5.64,5.56
29-jun-2021 01:21:00,4.61,3.63,4.80,4.00,6.15,4.55,5.55,5.17,5.18
29-jun-2021 01:22:00,4.19,3.23,4.42,3.59,5.79,4.11,5.16,4.74,4.77
29-jun-2021 01:23:00,3.74,2.85,3.97,3.22,5.39,3.71,4.75,4.37,4.33
29-jun-2021 01:24:00,3.39,2.53,3.62,2.90,5.07,3.37,4.40,4.03,4.01
29-jun-2021 01:25:00,3.07,2.22,3.29,2.60,4.80,3.04,4.10,3.78,3.67
29-jun-2021 01:26:00,2.71,1.88,2.96,2.25,4.50,2.74,3.76,3.42,3.32
29-jun-2021 01:27:00,2.86,2.15,2.96,2.34,4.37,2.80,3.75,3.42,3.27
29-jun-2021 01:28:00,2.91,2.43,2.90,2.50,4.56,3.69,4.25,4.05,3.34
29-jun-2021 01:29:00,3.03,2.63,2.93,2.58,5.16,4.48,4.64,4.61,3.50
29-jun-2021 01:30:00,3.20,2.86,3.08,2.78,5.57,4.97,5.00,5.04,3.70
29-jun-2021 01:31:00,3.39,3.07,3.24,2.97,5.91,5.43,5.33,5.42,3.88
29-jun-2021 01:32:00,4.79,4.55,4.66,4.38,6.14,5.05,5.53,5.37,4.87
29-jun-2021 01:33:00,5.42,5.27,5.33,5.12,6.45,5.51,5.98,5.85,5.50
29-jun-2021 01:34:00,5.51,5.34,5.42,5.20,6.56,6.05,6.28,6.24,5.53
29-jun-2021 01:35:00,5.49,5.30,5.39,5.20,6.94,6.51,6.57,6.59,5.58
29-jun-2021 01:36:00,5.53,5.34,5.42,5.25,7.23,6.89,6.84,6.88,5.68
29-jun-2021 01:37:00,5.60,5.42,5.48,5.32,7.50,7.19,7.07,7.17,5.80
29-jun-2021 01:38:00,6.48,6.30,6.38,6.17,7.62,6.69,7.08,6.97,6.58
29-jun-2021 01:39:00,5.96,5.72,6.15,5.92,7.38,6.23,6.82,6.64,6.38
29-jun-2021 01:40:00,5.40,4.82,5.52,5.03,6.91,5.56,6.35,6.07,5.89
29-jun-2021 01:41:00,5.02,4.11,5.17,4.43,6.51,5.00,5.94,5.57,5.51
29-jun-2021 01:42:00,4.62,3.63,4.78,3.98,6.21,4.51,5.51,5.15,5.11
29-jun-2021 01:43:00,4.20,3.20,4.38,3.59,5.80,4.06,5.12,4.74,4.74
29-jun-2021 01:44:00,3.80,2.85,4.01,3.23,5.42,3.71,4.75,4.37,4.33
29-jun-2021 01:45:00,3.42,2.49,3.64,2.87,5.05,3.34,4.42,3.99,3.99
29-jun-2021 01:46:00,3.04,2.16,3.28,2.54,4.73,3.02,4.08,3.70,3.65
29-jun-2021 01:47:00,2.65,1.84,2.89,2.21,4.39,2.70,3.73,3.34,3.26
29-jun-2021 01:48:00,2.89,2.19,2.97,2.38,4.43,2.82,3.75,3.46,3.31
29-jun-2021 01:49:00,2.90,2.39,2.87,2.49,4.65,3.85,4.28,4.12,3.36
29-jun-2021 01:50:00,3.01,2.62,2.93,2.59,5.24,4.55,4.67,4.66,3.51
29-jun-2021 01:51:00,3.21,2.87,3.08,2.76,5.65,5.02,5.07,5.13,3.71
29-jun-2021 01:52:00,3.37,3.06,3.22,2.95,5.98,5.45,5.41,5.53,3.88
29-jun-2021 01:53:00,4.88,4.65,4.75,4.49,6.17,5.09,5.59,5.43,4.97
29-jun-2021 01:54:00,5.51,5.36,5.42,5.20,6.53,5.58,6.05,5.92,5.59
29-jun-2021 01:55:00,5.56,5.35,5.49,5.26,6.65,6.17,6.36,6.31,5.57
29-jun-2021 01:56:00,5.56,5.35,5.45,5.25,7.01,6.64,6.64,6.68,5.63
29-jun-2021 01:57:00,5.59,5.38,5.48,5.29,7.34,6.96,6.95,7.03,5.75
29-jun-2021 01:58:00,5.66,5.47,5.53,5.35,7.61,7.31,7.21,7.30,5.87
29-jun-2021 01:59:00,6.60,6.44,6.50,6.30,7.65,6.75,7.15,7.04,6.67
29-jun-2021 02:00:00,5.70,5.40,5.87,5.57,7.17,6.00,6.63,6.44,6.20
29-jun-2021 02:01:00,5.31,4.61,5.43,4.84,6.81,5.41,6.24,5.94,5.76
29-jun-2021 02:02:00,4.89,3.94,5.05,4.26,6.43,4.83,5.81,5.46,5.40
29-jun-2021 02:03:00,4.46,3.46,4.64,3.84,6.04,4.40,5.37,5.05,5.00
29-jun-2021 02:04:00,4.08,3.08,4.27,3.46,5.69,3.95,4.98,4.63,4.62
29-jun-2021 02:05:00,3.69,2.73,3.90,3.12,5.33,3.59,4.63,4.27,4.27
29-jun-2021 02:06:00,3.30,2.41,3.52,2.78,4.99,3.25,4.30,3.93,3.91
29-jun-2021 02:07:00,2.88,2.06,3.14,2.45,4.61,2.91,3.93,3.58,3.52
29-jun-2021 02:08:00,2.64,1.85,2.84,2.18,4.37,2.64,3.64,3.34,3.23
29-jun-2021 02:09:00,2.92,2.33,2.99,2.49,4.40,3.22,3.94,3.72,3.31
29-jun-2021 02:10:00,2.97,2.51,2.92,2.54,4.95,4.24,4.46,4.40,3.45
29-jun-2021 02:11:00,3.12,2.74,3.02,2.69,5.46,4.86,4.91,4.93,3.61
29-jun-2021 02:12:00,3.31,2.99,3.17,2.87,5.85,5.29,5.28,5.40,3.80
29-jun-2021 02:13:00,4.30,3.98,4.04,3.74,6.07,5.06,5.42,5.16,4.49
29-jun-2021 02:14:00,5.23,5.04,5.12,4.90,6.36,5.34,5.83,5.69,5.30
29-jun-2021 02:15:00,5.63,5.48,5.56,5.36,6.57,5.81,6.21,6.13,5.67
29-jun-2021 02:16:00,5.61,5.40,5.50,5.29,6.90,6.46,6.55,6.57,5.66
29-jun-2021 02:17:00,5.61,5.41,5.49,5.30,7.23,6.84,6.85,6.88,5.74
29-jun-2021 02:18:00,5.68,5.49,5.55,5.37,7.49,7.18,7.11,7.16,5.87
29-jun-2021 02:19:00,6.17,5.93,6.02,5.79,7.60,6.68,7.00,6.88,6.30
29-jun-2021 02:20:00,6.20,5.95,6.33,6.06,7.43,6.36,6.98,6.74,6.53
29-jun-2021 02:21:00,5.37,4.84,5.48,5.04,6.89,5.57,6.32,6.07,5.84
29-jun-2021 02:22:00,4.99,4.11,5.12,4.42,6.51,5.05,5.96,5.60,5.52
29-jun-2021 02:23:00,4.58,3.60,4.75,3.97,6.20,4.53,5.51,5.16,5.13
29-jun-2021 02:24:00,4.10,3.16,4.32,3.55,5.77,4.08,5.10,4.75,4.69
29-jun-2021 02:25:00,3.71,2.79,3.94,3.21,5.42,3.69,4.69,4.37,4.27
29-jun-2021 02:26:00,3.29,2.46,3.53,2.85,5.03,3.35,4.36,4.02,3.92
29-jun-2021 02:27:00,2.99,2.17,3.21,2.54,4.74,3.01,4.04,3.68,3.60
29-jun-2021 02:28:00,2.67,1.87,2.90,2.26,4.40,2.68,3.70,3.37,3.28
29-jun-2021 02:29:00,2.89,2.20,2.98,2.40,4.43,2.80,3.76,3.49,3.30
29-jun-2021 02:30:00,2.88,2.41,2.89,2.51,4.64,3.81,4.24,4.12,3.35
29-jun-2021 02:31:00,3.01,2.61,2.93,2.60,5.22,4.54,4.67,4.66,3.52
29-jun-2021 02:32:00,3.19,2.85,3.07,2.77,5.58,5.03,5.01,5.08,3.70
29-jun-2021 02:33:00,3.39,3.06,3.22,2.98,5.92,5.45,5.35,5.43,3.90
29-jun-2021 02:34:00,4.84,4.61,4.71,4.46,6.12,5.08,5.56,5.39,4.93
29-jun-2021 02:35:00,5.48,5.31,5.39,5.19,6.50,5.56,6.03,5.89,5.53
29-jun-2021 02:36:00,5.52,5.30,5.45,5.21,6.62,6.09,6.28,6.29,5.55
29-jun-2021 02:37:00,5.52,5.29,5.40,5.19,6.90,6.51,6.52,6.56,5.58
29-jun-2021 02:38:00,5.53,5.33,5.43,5.25,7.16,6.82,6.75,6.86,5.69
29-jun-2021 02:39:00,5.61,5.41,5.49,5.33,7.39,7.07,6.99,7.07,5.82
29-jun-2021 02:40:00,6.42,6.26,6.33,6.14,7.51,6.64,7.02,6.89,6.49
29-jun-2021 02:41:00,6.02,5.80,6.22,5.97,7.38,6.29,6.86,6.69,6.43
29-jun-2021 02:42:00,5.33,4.71,5.47,4.99,6.87,5.52,6.32,6.01,5.87
29-jun-2021 02:43:00,4.93,4.02,5.09,4.35,6.48,4.93,5.88,5.49,5.48
29-jun-2021 02:44:00,4.47,3.51,4.69,3.88,6.07,4.43,5.42,5.03,5.05
29-jun-2021 02:45:00,4.04,3.11,4.26,3.50,5.67,3.98,4.99,4.65,4.60
29-jun-2021 02:46:00,3.68,2.75,3.87,3.15,5.34,3.64,4.66,4.27,4.27
29-jun-2021 02:47:00,3.30,2.39,3.53,2.80,4.96,3.27,4.31,3.95,3.87
29-jun-2021 02:48:00,2.92,2.07,3.16,2.48,4.63,2.91,3.93,3.61,3.55
29-jun-2021 02:49:00,2.64,1.80,2.85,2.16,4.34,2.68,3.66,3.30,3.25
29-jun-2021 02:50:00,2.93,2.30,3.01,2.51,4.42,3.06,3.87,3.60,3.33
29-jun-2021 02:51:00,2.98,2.49,2.95,2.55,4.84,4.09,4.38,4.27,3.44
29-jun-2021 02:52:00,3.10,2.72,3.02,2.68,5.33,4.70,4.77,4.74,3.59
29-jun-2021 02:53:00,3.27,2.93,3.14,2.85,5.69,5.14,5.12,5.15,3.77
29-jun-2021 02:54:00,4.07,3.74,3.81,3.52,5.97,5.03,5.31,5.15,4.30
29-jun-2021 02:55:00,5.10,4.91,4.99,4.77,6.23,5.23,5.71,5.57,5.14
29-jun-2021 02:56:00,5.55,5.40,5.50,5.31,6.49,5.67,6.09,6.00,5.58
29-jun-2021 02:57:00,5.51,5.31,5.43,5.22,6.71,6.25,6.39,6.38,5.54
29-jun-2021 02:58:00,5.51,5.32,5.42,5.23,7.04,6.66,6.66,6.71,5.61
29-jun-2021 02:59:00,5.56,5.37,5.45,5.28,7.33,6.98,6.91,7.01,5.74
29-jun-2021 03:00:00,5.97,5.72,5.80,5.59,7.42,6.60,6.92,6.70,6.08
29-jun-2021 03:01:00,6.72,6.58,6.63,6.44,7.66,6.81,7.24,7.14,6.81
29-jun-2021 03:02:00,5.65,5.34,5.80,5.51,7.10,5.94,6.61,6.35,6.13
29-jun-2021 03:03:00,5.26,4.51,5.38,4.78,6.76,5.32,6.17,5.86,5.73
29-jun-2021 03:04:00,4.86,3.90,5.00,4.23,6.36,4.77,5.77,5.40,5.35
29-jun-2021 03:05:00,4.49,3.47,4.64,3.83,6.01,4.36,5.38,5.00,4.95
29-jun-2021 03:06:00,4.10,3.09,4.29,3.47,5.64,3.98,4.99,4.62,4.65
29-jun-2021 03:07:00,3.70,2.73,3.90,3.14,5.29,3.60,4.63,4.26,4.23
29-jun-2021 03:08:00,3.33,2.41,3.54,2.79,4.95,3.25,4.28,3.93,3.89
29-jun-2021 03:09:00,2.93,2.08,3.17,2.46,4.65,2.93,3.96,3.60,3.51
29-jun-2021 03:10:00,2.58,1.73,2.80,2.12,4.30,2.60,3.57,3.24,3.22
29-jun-2021 03:11:00,2.95,2.28,2.98,2.45,4.33,3.08,3.85,3.62,3.26
29-jun-2021 03:12:00,2.94,2.45,2.89,2.50,4.87,4.14,4.41,4.40,3.39
29-jun-2021 03:13:00,3.08,2.69,2.97,2.62,5.37,4.76,4.83,4.85,3.56
29-jun-2021 03:14:00,3.26,2.91,3.11,2.81,5.76,5.21,5.19,5.32,3.74
29-jun-2021 03:15:00,4.10,3.72,3.79,3.50,5.97,5.02,5.35,5.14,4.34
29-jun-2021 03:16:00,5.14,4.94,5.02,4.80,6.31,5.26,5.75,5.63,5.18
29-jun-2021 03:17:00,5.63,5.48,5.55,5.36,6.53,5.73,6.18,6.02,5.61
29-jun-2021 03:18:00,5.56,5.34,5.45,5.24,6.82,6.35,6.46,6.47,5.60
29-jun-2021 03:19:00,5.91,5.70,5.79,5.55,7.06,6.20,6.57,6.47,6.02
29-jun-2021 03:20:00,6.54,6.40,6.45,6.28,7.39,6.58,6.98,6.92,6.60
29-jun-2021 03:21:00,7.02,6.90,6.93,6.79,7.78,7.04,7.38,7.37,7.05
29-jun-2021 03:22:00,7.44,7.34,7.36,7.24,8.11,7.46,7.79,7.74,7.48
29-jun-2021 03:23:00,7.84,7.72,7.76,7.62,8.44,7.83,8.14,8.08,7.87
29-jun-2021 03:24:00,8.21,8.10,8.13,8.00,8.80,8.21,8.48,8.47,8.23
29-jun-2021 03:25:00,8.57,8.48,8.50,8.38,9.14,8.57,8.86,8.83,8.59
29-jun-2021 03:26:00,8.92,8.83,8.87,8.75,9.47,8.92,9.18,9.17,8.93
29-jun-2021 03:27:00,9.27,9.18,9.22,9.10,9.80,9.26,9.53,9.49,9.30
29-jun-2021 03:28:00,9.63,9.53,9.57,9.45,10.13,9.61,9.85,9.84,9.62
29-jun-2021 03:29:00,9.96,9.86,9.89,9.79,10.44,9.94,10.17,10.15,9.94
29-jun-2021 03:30:00,10.30,10.20,10.23,10.14,10.76,10.28,10.49,10.49,10.29
29-jun-2021 03:31:00,10.62,10.53,10.55,10.46,11.04,10.59,10.80,10.80,10.60
29-jun-2021 03:32:00,10.94,10.84,10.87,10.77,11.35,10.90,11.09,11.09,10.92
29-jun-2021 03:33:00,11.23,11.14,11.17,11.07,11.59,11.18,11.38,11.37,11.21
29-jun-2021 03:34:00,11.52,11.43,11.45,11.36,11.86,11.48,11.66,11.65,11.50
29-jun-2021 03:35:00,11.79,11.69,11.73,11.63,12.10,11.75,11.93,11.91,11.75
29-jun-2021 03:36:00,12.04,11.96,11.99,11.89,12.34,12.01,12.19,12.15,12.03
29-jun-2021 03:37:00,12.33,12.23,12.27,12.18,12.63,12.28,12.45,12.44,12.30
29-jun-2021 03:38:00,12.58,12.49,12.53,12.44,12.87,12.55,12.72,12.69,12.56
29-jun-2021 03:39:00,12.25,12.05,12.40,12.24,12.78,12.27,12.57,12.49,12.46
29-jun-2021 03:40:00,11.33,11.21,11.48,11.37,12.19,11.47,11.93,11.84,11.68
29-jun-2021 03:41:00,10.67,10.39,10.83,10.58,11.71,10.78,11.34,11.20,11.08
29-jun-2021 03:42:00,10.04,9.59,10.18,9.78,11.26,10.11,10.83,10.58,10.49
29-jun-2021 03:43:00,9.49,8.78,9.63,9.00,10.77,9.45,10.29,9.99,9.95
29-jun-2021 03:44:00,9.00,8.11,9.15,8.36,10.34,8.94,9.81,9.47,9.49
29-jun-2021 03:45:00,8.50,7.47,8.69,7.79,9.87,8.41,9.34,8.96,9.03
29-jun-2021 03:46:00,8.02,6.89,8.21,7.27,9.45,7.88,8.86,8.46,8.57
29-jun-2021 03:47:00,7.56,6.34,7.76,6.78,9.01,7.37,8.41,7.99,8.11
29-jun-2021 03:48:00,7.09,5.86,7.33,6.34,8.55,6.86,7.94,7.53,7.64
29-jun-2021 03:49:00,6.61,5.40,6.85,5.89,8.11,6.40,7.48,7.06,7.15
29-jun-2021 03:50:00,6.15,5.02,6.39,5.48,7.69,5.95,7.04,6.61,6.70
29-jun-2021 03:51:00,5.69,4.61,5.97,5.07,7.32,5.52,6.61,6.21,6.29
29-jun-2021 03:52:00,5.30,4.23,5.55,4.69,6.93,5.14,6.22,5.86,5.84
29-jun-2021 03:53:00,4.91,3.91,5.19,4.35,6.51,4.78,5.87,5.49,5.46
29-jun-2021 03:54:00,4.57,3.57,4.83,4.00,6.24,4.51,5.53,5.14,5.15
29-jun-2021 03:55:00,4.26,3.29,4.52,3.71,5.92,4.19,5.20,4.84,4.84
29-jun-2021 03:56:00,3.90,2.97,4.17,3.38,5.54,3.84,4.85,4.52,4.46
29-jun-2021 03:57:00,3.58,2.65,3.86,3.05,5.24,3.55,4.56,4.18,4.13
29-jun-2021 03:58:00,3.24,2.31,3.50,2.73,4.87,3.23,4.21,3.86,3.82
29-jun-2021 03:59:00,2.92,1.91,3.21,2.37,4.67,2.88,3.88,3.50,3.48
29-jun-2021 04:00:00,2.65,1.57,2.90,2.01,4.33,2.56,3.59,3.20,3.19
29-jun-2021 04:01:00,2.99,2.19,3.01,2.42,4.46,2.89,3.79,3.48,3.28
29-jun-2021 04:02:00,2.94,2.36,2.89,2.43,4.86,4.06,4.37,4.34,3.38
29-jun-2021 04:03:00,3.07,2.59,2.96,2.57,5.42,4.75,4.83,4.82,3.55
29-jun-2021 04:04:00,3.26,2.79,3.09,2.73,5.82,5.21,5.22,5.30,3.73
29-jun-2021 04:05:00,3.71,3.18,3.49,3.09,6.01,4.97,5.34,5.09,4.11
29-jun-2021 04:06:00,4.92,4.65,4.79,4.49,6.24,5.00,5.61,5.44,5.00
29-jun-2021 04:07:00,5.52,5.33,5.44,5.21,6.54,5.55,6.05,5.91,5.55
29-jun-2021 04:08:00,5.46,5.22,5.34,5.11,6.72,6.21,6.36,6.34,5.47
29-jun-2021 04:09:00,5.47,5.22,5.34,5.13,7.05,6.62,6.65,6.70,5.56
29-jun-2021 04:10:00,5.51,5.29,5.38,5.20,7.31,6.92,6.90,7.02,5.68
29-jun-2021 04:11:00,5.79,5.48,5.62,5.37,7.48,6.68,6.95,6.77,5.96
29-jun-2021 04:12:00,4.92,4.41,5.07,4.60,6.63,5.24,6.06,5.73,5.54
29-jun-2021 04:13:00,4.64,3.77,4.81,4.07,6.31,4.67,5.62,5.28,5.14
29-jun-2021 04:14:00,4.25,3.33,4.44,3.66,5.89,4.21,5.24,4.86,4.81
29-jun-2021 04:15:00,3.79,2.95,4.04,3.31,5.52,3.83,4.85,4.48,4.43
29-jun-2021 04:16:00,3.44,2.62,3.68,2.99,5.22,3.46,4.47,4.14,4.08
29-jun-2021 04:17:00,3.14,2.30,3.39,2.66,4.85,3.18,4.17,3.85,3.76
29-jun-2021 04:18:00,2.80,1.99,3.06,2.36,4.54,2.83,3.85,3.51,3.42
29-jun-2021 04:19:00,2.67,1.88,2.84,2.16,4.30,2.66,3.67,3.33,3.19
29-jun-2021 04:20:00,2.88,2.38,2.95,2.51,4.36,3.30,3.97,3.74,3.31
29-jun-2021 04:21:00,2.95,2.51,2.91,2.54,4.91,4.22,4.45,4.38,3.44
29-jun-2021 04:22:00,3.11,2.74,3.00,2.67,5.42,4.82,4.85,4.85,3.60
29-jun-2021 04:23:00,3.30,2.97,3.15,2.88,5.81,5.28,5.22,5.26,3.78
29-jun-2021 04:24:00,4.41,4.10,4.18,3.88,6.02,4.98,5.39,5.21,4.56
29-jun-2021 04:25:00,5.25,5.06,5.13,4.93,6.36,5.35,5.83,5.73,5.32
29-jun-2021 04:26:00,5.61,5.40,5.53,5.33,6.52,5.84,6.20,6.10,5.60
29-jun-2021 04:27:00,5.54,5.34,5.46,5.25,6.86,6.43,6.52,6.51,5.59
29-jun-2021 04:28:00,5.58,5.37,5.47,5.27,7.21,6.83,6.80,6.84,5.69
29-jun-2021 04:29:00,5.63,5.44,5.52,5.34,7.51,7.15,7.08,7.16,5.81
29-jun-2021 04:30:00,6.24,6.02,6.10,5.86,7.55,6.62,7.01,6.86,6.33
29-jun-2021 04:31:00,5.79,5.59,6.00,5.75,7.21,6.10,6.68,6.53,6.24
29-jun-2021 04:32:00,5.26,4.63,5.38,4.86,6.80,5.38,6.21,5.92,5.76
29-jun-2021 04:33:00,4.90,3.99,5.03,4.29,6.46,4.87,5.82,5.45,5.41
29-jun-2021 04:34:00,4.50,3.53,4.68,3.88,6.06,4.43,5.44,5.08,5.05
29-jun-2021 04:35:00,4.09,3.12,4.28,3.49,5.72,3.99,5.00,4.68,4.69
29-jun-2021 04:36:00,3.69,2.76,3.88,3.16,5.32,3.61,4.66,4.32,4.27
29-jun-2021 04:37:00,3.31,2.42,3.53,2.82,5.00,3.30,4.32,3.98,3.96
29-jun-2021 04:38:00,2.96,2.09,3.20,2.49,4.68,2.98,4.01,3.65,3.57
29-jun-2021 04:39:00,2.59,1.78,2.85,2.16,4.35,2.68,3.65,3.30,3.23
29-jun-2021 04:40:00,2.94,2.28,2.99,2.43,4.39,2.93,3.76,3.54,3.30
29-jun-2021 04:41:00,2.94,2.46,2.89,2.50,4.78,4.01,4.33,4.32,3.40
29-jun-2021 04:42:00,3.07,2.69,2.96,2.64,5.35,4.71,4.77,4.81,3.57
29-jun-2021 04:43:00,3.24,2.90,3.09,2.79,5.73,5.14,5.20,5.30,3.73
29-jun-2021 04:44:00,3.48,3.15,3.28,3.01,6.08,5.44,5.53,5.37,3.95
29-jun-2021 04:45:00,5.05,4.84,4.93,4.68,6.27,5.18,5.69,5.53,5.14
29-jun-2021 04:46:00,5.62,5.48,5.54,5.34,6.57,5.68,6.11,6.02,5.68
29-jun-2021 04:47:00,5.61,5.40,5.48,5.26,6.70,6.24,6.40,6.40,5.62
29-jun-2021 04:48:00,5.59,5.38,5.48,5.28,7.04,6.65,6.67,6.74,5.69
29-jun-2021 04:49:00,5.63,5.42,5.50,5.33,7.27,6.93,6.89,6.98,5.81
29-jun-2021 04:50:00,5.73,5.52,5.59,5.41,7.50,7.12,7.14,7.11,5.96
29-jun-2021 04:51:00,6.69,6.52,6.60,6.41,7.70,6.82,7.22,7.12,6.74
29-jun-2021 04:52:00,5.44,5.05,5.61,5.25,7.03,5.76,6.46,6.24,6.01
29-jun-2021 04:53:00,5.08,4.28,5.21,4.58,6.65,5.15,6.02,5.71,5.60
29-jun-2021 04:54:00,4.66,3.72,4.83,4.08,6.29,4.62,5.62,5.25,5.22
29-jun-2021 04:55:00,4.26,3.34,4.48,3.71,5.91,4.22,5.23,4.85,4.86
29-jun-2021 04:56:00,3.87,2.98,4.10,3.36,5.56,3.83,4.87,4.50,4.46
29-jun-2021 04:57:00,3.50,2.66,3.75,3.04,5.18,3.52,4.51,4.18,4.10
29-jun-2021 04:58:00,3.17,2.32,3.39,2.70,4.86,3.15,4.16,3.85,3.76
29-jun-2021 04:59:00,2.81,1.99,3.08,2.39,4.64,2.86,3.86,3.52,3.43
29-jun-2021 05:00:00,2.64,1.85,2.81,2.17,4.30,2.65,3.65,3.30,3.22
29-jun-2021 05:01:00,2.92,2.33,2.94,2.51,4.39,3.26,3.89,3.74,3.30
29-jun-2021 05:02:00,2.96,2.49,2.89,2.54,4.90,4.20,4.41,4.35,3.42
29-jun-2021 05:03:00,3.10,2.72,3.00,2.67,5.41,4.79,4.84,4.86,3.59
29-jun-2021 05:04:00,3.28,2.95,3.13,2.85,5.80,5.23,5.21,5.28,3.76
29-jun-2021 05:05:00,4.25,3.93,4.00,3.71,6.00,4.98,5.35,5.17,4.45
29-jun-2021 05:06:00,5.18,4.99,5.07,4.84,6.26,5.29,5.77,5.64,5.25
29-jun-2021 05:07:00,5.58,5.42,5.51,5.31,6.45,5.75,6.15,6.07,5.58
29-jun-2021 05:08:00,5.55,5.35,5.44,5.26,6.85,6.37,6.48,6.48,5.59
29-jun-2021 05:09:00,5.58,5.36,5.45,5.26,7.17,6.78,6.78,6.82,5.68
29-jun-2021 05:10:00,5.61,5.42,5.49,5.32,7.45,7.11,7.04,7.11,5.80
29-jun-2021 05:11:00,6.14,5.91,5.98,5.75,7.53,6.62,6.95,6.80,6.24
29-jun-2021 05:12:00,6.55,6.38,6.60,6.38,7.64,6.69,7.14,7.00,6.74
29-jun-2021 05:13:00,5.45,5.01,5.58,5.21,6.96,5.70,6.43,6.18,5.95
29-jun-2021 05:14:00,5.10,4.25,5.22,4.56,6.58,5.13,6.04,5.68,5.59
29-jun-2021 05:15:00,4.71,3.70,4.86,4.07,6.20,4.63,5.62,5.24,5.20
29-jun-2021 05:16:00,4.31,3.28,4.48,3.66,5.87,4.15,5.20,4.83,4.82
29-jun-2021 05:17:00,3.85,2.92,4.07,3.30,5.49,3.83,4.83,4.48,4.42
29-jun-2021 05:18:00,3.44,2.57,3.71,2.98,5.17,3.44,4.45,4.11,4.07
29-jun-2021 05:19:00,3.07,2.24,3.32,2.63,4.80,3.06,4.11,3.77,3.71
29-jun-2021 05:20:00,2.74,1.95,3.00,2.32,4.47,2.76,3.78,3.45,3.35
29-jun-2021 05:21:00,2.83,2.10,2.94,2.33,4.42,2.78,3.72,3.45,3.25
29-jun-2021 05:22:00,2.92,2.46,2.94,2.54,4.51,3.60,4.17,3.96,3.38
29-jun-2021 05:23:00,3.03,2.62,2.96,2.60,5.11,4.41,4.57,4.55,3.51
29-jun-2021 05:24:00,3.18,2.84,3.06,2.74,5.47,4.90,4.95,4.96,3.66
29-jun-2021 05:25:00,3.36,3.06,3.21,2.95,5.80,5.31,5.26,5.34,3.87
29-jun-2021 05:26:00,4.71,4.45,4.54,4.27,6.13,5.02,5.47,5.34,4.81
29-jun-2021 05:27:00,5.38,5.20,5.28,5.06,6.41,5.46,5.92,5.80,5.44
29-jun-2021 05:28:00,5.55,5.35,5.47,5.25,6.51,6.00,6.27,6.19,5.57
29-jun-2021 05:29:00,5.53,5.33,5.44,5.23,6.89,6.47,6.53,6.55,5.61
29-jun-2021 05:30:00,5.57,5.37,5.48,5.29,7.20,6.86,6.81,6.87,5.71
29-jun-2021 05:31:00,5.64,5.44,5.52,5.35,7.46,7.15,7.05,7.13,5.82
29-jun-2021 05:32:00,6.42,6.24,6.30,6.09,7.60,6.65,7.03,6.94,6.46
29-jun-2021 05:33:00,5.92,5.69,6.14,5.89,7.35,6.22,6.81,6.63,6.33
29-jun-2021 05:34:00,5.35,4.76,5.49,5.00,6.89,5.52,6.34,6.02,5.84
29-jun-2021 05:35:00,4.97,4.05,5.12,4.38,6.51,4.94,5.88,5.55,5.49
29-jun-2021 05:36:00,4.57,3.59,4.77,3.94,6.17,4.47,5.47,5.10,5.09
29-jun-2021 05:37:00,4.19,3.20,4.39,3.58,5.75,4.09,5.10,4.74,4.75
29-jun-2021 05:38:00,3.82,2.85,4.04,3.25,5.47,3.75,4.76,4.42,4.36
29-jun-2021 05:39:00,3.44,2.52,3.67,2.92,5.08,3.40,4.42,4.07,4.02
29-jun-2021 05:40:00,3.10,2.19,3.32,2.60,4.75,3.05,4.09,3.74,3.69
29-jun-2021 05:41:00,2.70,1.88,2.97,2.26,4.45,2.72,3.75,3.41,3.31
29-jun-2021 05:42:00,2.88,2.17,2.99,2.37,4.41,2.82,3.74,3.46,3.29
29-jun-2021 05:43:00,2.91,2.41,2.93,2.54,4.61,3.74,4.23,4.10,3.38
29-jun-2021 05:44:00,3.03,2.61,2.96,2.61,5.22,4.55,4.66,4.66,3.53
29-jun-2021 05:45:00,3.23,2.87,3.11,2.79,5.65,5.04,5.08,5.17,3.71
29-jun-2021 05:46:00,3.40,3.06,3.24,2.96,6.00,5.47,5.42,5.56,3.88
29-jun-2021 05:47:00,4.87,4.64,4.73,4.47,6.17,5.11,5.58,5.39,4.98
29-jun-2021 05:48:00,5.52,5.35,5.40,5.20,6.51,5.56,6.03,5.94,5.56
29-jun-2021 05:49:00,5.60,5.39,5.48,5.26,6.64,6.13,6.34,6.29,5.61
29-jun-2021 05:50:00,5.58,5.36,5.46,5.26,7.00,6.58,6.60,6.66,5.65
29-jun-2021 05:51:00,5.61,5.39,5.48,5.30,7.24,6.91,6.86,6.98,5.76
29-jun-2021 05:52:00,5.67,5.48,5.54,5.38,7.49,7.20,7.10,7.24,5.89
29-jun-2021 05:53:00,6.55,6.37,6.43,6.24,7.61,6.71,7.12,6.99,6.63
29-jun-2021 05:54:00,5.52,5.25,5.72,5.42,7.07,5.87,6.55,6.31,6.06
29-jun-2021 05:55:00,5.18,4.44,5.31,4.72,6.69,5.26,6.17,5.83,5.65
29-jun-2021 05:56:00,4.78,3.83,4.95,4.17,6.32,4.74,5.71,5.36,5.30
29-jun-2021 05:57:00,4.38,3.39,4.58,3.77,5.95,4.31,5.31,4.92,4.91
29-jun-2021 05:58:00,3.97,3.02,4.19,3.42,5.60,3.91,4.93,4.57,4.53
29-jun-2021 05:59:00,3.57,2.71,3.83,3.09,5.27,3.56,4.57,4.19,4.21
29-jun-2021 06:00:00,3.26,2.40,3.51,2.78,4.97,3.27,4.25,3.93,3.84
29-jun-2021 06:01:00,2.93,2.08,3.16,2.46,4.65,2.91,3.92,3.60,3.52
29-jun-2021 06:02:00,2.60,1.79,2.85,2.16,4.30,2.64,3.64,3.31,3.21
29-jun-2021 06:03:00,2.94,2.33,3.01,2.48,4.45,3.03,3.84,3.52,3.35
29-jun-2021 06:04:00,2.94,2.49,2.91,2.54,4.78,4.05,4.33,4.25,3.43
29-jun-2021 06:05:00,3.08,2.71,3.00,2.67,5.28,4.68,4.76,4.73,3.59
29-jun-2021 06:06:00,3.26,2.93,3.13,2.84,5.70,5.14,5.13,5.16,3.75
29-jun-2021 06:07:00,3.85,3.49,3.59,3.30,6.00,5.13,5.32,5.14,4.16
29-jun-2021 06:08:00,5.08,4.88,4.96,4.71,6.24,5.20,5.71,5.55,5.13
29-jun-2021 06:09:00,5.60,5.45,5.53,5.35,6.55,5.72,6.07,5.94,5.59
29-jun-2021 06:10:00,5.56,5.35,5.46,5.24,6.74,6.29,6.42,6.44,5.57
29-jun-2021 06:11:00,5.56,5.36,5.45,5.25,7.09,6.71,6.72,6.74,5.66
29-jun-2021 06:12:00,5.60,5.39,5.48,5.31,7.37,7.04,6.96,7.03,5.77
29-jun-2021 06:13:00,5.89,5.63,5.73,5.51,7.55,6.75,6.98,6.81,6.08
29-jun-2021 06:14:00,6.67,6.51,6.62,6.41,7.71,6.77,7.20,7.13,6.79
29-jun-2021 06:15:00,5.45,5.01,5.60,5.20,6.96,5.70,6.41,6.19,5.97
29-jun-2021 06:16:00,5.12,4.26,5.25,4.57,6.61,5.10,6.02,5.72,5.60
29-jun-2021 06:17:00,4.73,3.74,4.90,4.08,6.25,4.63,5.61,5.26,5.23
29-jun-2021 06:18:00,4.34,3.32,4.52,3.69,5.88,4.21,5.23,4.87,4.83
29-jun-2021 06:19:00,3.98,2.94,4.17,3.34,5.52,3.81,4.88,4.50,4.49
29-jun-2021 06:20:00,3.56,2.59,3.79,3.01,5.16,3.47,4.52,4.18,4.14
29-jun-2021 06:21:00,3.20,2.27,3.45,2.69,4.84,3.15,4.16,3.86,3.77
29-jun-2021 06:22:00,2.82,1.96,3.06,2.34,4.52,2.80,3.85,3.51,3.43
29-jun-2021 06:23:00,2.75,1.97,2.92,2.25,4.38,2.70,3.66,3.37,3.27
29-jun-2021 06:24:00,2.92,2.40,2.96,2.54,4.44,3.41,4.10,3.88,3.35
29-jun-2021 06:25:00,3.00,2.54,2.95,2.57,5.04,4.34,4.53,4.52,3.46
29-jun-2021 06:26:00,3.16,2.80,3.05,2.72,5.51,4.87,4.93,4.97,3.64
29-jun-2021 06:27:00,3.34,3.01,3.18,2.92,5.87,5.31,5.27,5.39,3.82
29-jun-2021 06:28:00,4.58,4.30,4.37,4.07,6.10,5.01,5.46,5.27,4.71
29-jun-2021 06:29:00,5.35,5.16,5.23,5.01,6.42,5.42,5.89,5.78,5.40
29-jun-2021 06:30:00,5.65,5.49,5.59,5.40,6.51,5.95,6.31,6.20,5.66
29-jun-2021 06:31:00,5.64,5.42,5.53,5.31,6.96,6.53,6.60,6.63,5.68
29-jun-2021 06:32:00,5.62,5.43,5.53,5.33,7.27,6.90,6.89,6.93,5.77
29-jun-2021 06:33:00,5.67,5.48,5.57,5.38,7.54,7.21,7.16,7.23,5.87
29-jun-2021 06:34:00,6.37,6.16,6.24,5.99,7.62,6.67,7.06,6.94,6.47
29-jun-2021 06:35:00,5.56,5.32,5.77,5.48,7.11,5.91,6.54,6.36,6.09
29-jun-2021 06:36:00,5.22,4.51,5.32,4.77,6.74,5.36,6.18,5.85,5.68
29-jun-2021 06:37:00,4.82,3.88,4.96,4.21,6.38,4.79,5.75,5.39,5.33
29-jun-2021 06:38:00,4.39,3.41,4.58,3.79,5.98,4.31,5.35,4.94,4.95
29-jun-2021 06:39:00,3.96,3.02,4.18,3.41,5.65,3.92,4.93,4.59,4.55
29-jun-2021 06:40:00,3.58,2.69,3.80,3.07,5.27,3.54,4.56,4.23,4.20
29-jun-2021 06:41:00,3.21,2.37,3.44,2.75,4.93,3.21,4.21,3.91,3.84
29-jun-2021 06:42:00,2.89,2.06,3.13,2.44,4.59,2.89,3.89,3.61,3.50
29-jun-2021 06:43:00,2.61,1.81,2.83,2.17,4.36,2.62,3.64,3.35,3.19
29-jun-2021 06:44:00,2.95,2.37,2.98,2.51,4.42,3.09,3.89,3.66,3.30
29-jun-2021 06:45:00,2.97,2.54,2.92,2.56,4.87,4.12,4.40,4.35,3.43
29-jun-2021 06:46:00,3.11,2.76,3.02,2.71,5.38,4.74,4.82,4.84,3.61
29-jun-2021 06:47:00,3.28,2.97,3.14,2.87,5.72,5.16,5.15,5.21,3.78
29-jun-2021 06:48:00,4.11,3.77,3.82,3.55,5.99,5.07,5.37,5.14,4.34
29-jun-2021 06:49:00,5.12,4.92,5.00,4.77,6.26,5.26,5.74,5.60,5.20
29-jun-2021 06:50:00,5.58,5.44,5.52,5.35,6.53,5.74,6.12,6.01,5.63
29-jun-2021 06:51:00,5.53,5.34,5.45,5.24,6.78,6.30,6.43,6.44,5.57
29-jun-2021 06:52:00,5.54,5.34,5.46,5.26,7.10,6.72,6.71,6.74,5.66
29-jun-2021 06:53:00,5.59,5.40,5.48,5.31,7.36,7.04,6.95,7.04,5.77
29-jun-2021 06:54:00,6.01,5.75,5.85,5.63,7.54,6.67,6.97,6.81,6.15
29-jun-2021 06:55:00,6.63,6.45,6.61,6.40,7.67,6.75,7.21,7.09,6.73
29-jun-2021 06:56:00,5.48,5.05,5.61,5.24,7.01,5.73,6.47,6.19,5.99
29-jun-2021 06:57:00,5.09,4.30,5.25,4.60,6.63,5.14,6.03,5.72,5.63
29-jun-2021 06:58:00,4.71,3.78,4.88,4.12,6.28,4.70,5.64,5.31,5.29
29-jun-2021 06:59:00,4.30,3.35,4.51,3.72,5.94,4.21,5.22,4.86,4.87
29-jun-2021 07:00:00,3.91,2.98,4.11,3.36,5.53,3.82,4.86,4.50,4.51
29-jun-2021 07:01:00,3.53,2.63,3.77,3.02,5.14,3.51,4.52,4.18,4.17
29-jun-2021 07:02:00,3.17,2.32,3.42,2.70,4.87,3.15,4.15,3.85,3.79
29-jun-2021 07:03:00,2.84,1.99,3.07,2.37,4.53,2.80,3.86,3.50,3.48
29-jun-2021 07:04:00,2.71,1.96,2.88,2.24,4.37,2.72,3.70,3.38,3.25
29-jun-2021 07:05:00,2.92,2.35,2.91,2.53,4.45,3.41,4.05,3.87,3.34
29-jun-2021 07:06:00,2.98,2.52,2.91,2.57,5.06,4.34,4.51,4.53,3.46
29-jun-2021 07:07:00,3.15,2.78,3.04,2.72,5.52,4.93,4.95,5.00,3.65
29-jun-2021 07:08:00,3.33,2.99,3.17,2.91,5.88,5.33,5.30,5.43,3.83
29-jun-2021 07:09:00,4.51,4.21,4.32,4.03,6.02,5.00,5.42,5.23,4.61
29-jun-2021 07:10:00,5.30,5.11,5.19,4.96,6.38,5.39,5.87,5.77,5.35
29-jun-2021 07:11:00,5.60,5.42,5.53,5.32,6.49,5.87,6.27,6.14,5.59
29-jun-2021 07:12:00,5.56,5.35,5.45,5.24,6.92,6.45,6.55,6.55,5.61
29-jun-2021 07:13:00,5.58,5.37,5.46,5.26,7.24,6.86,6.83,6.88,5.70
29-jun-2021 07:14:00,5.64,5.45,5.52,5.35,7.50,7.18,7.10,7.20,5.83
29-jun-2021 07:15:00,6.31,6.10,6.18,5.93,7.56,6.62,7.00,6.86,6.39
29-jun-2021 07:16:00,5.98,5.75,6.16,5.91,7.35,6.23,6.82,6.64,6.38
29-jun-2021 07:17:00,5.31,4.75,5.44,4.97,6.83,5.51,6.29,6.01,5.81
29-jun-2021 07:18:00,4.94,4.05,5.08,4.36,6.45,4.96,5.88,5.51,5.48
29-jun-2021 07:19:00,4.53,3.55,4.71,3.92,6.10,4.48,5.49,5.12,5.11
29-jun-2021 07:20:00,4.11,3.14,4.32,3.55,5.73,4.04,5.08,4.71,4.65
29-jun-2021 07:21:00,3.68,2.78,3.90,3.19,5.38,3.67,4.69,4.34,4.27
29-jun-2021 07:22:00,3.33,2.48,3.55,2.85,5.09,3.28,4.33,3.98,3.90
29-jun-2021 07:23:00,2.97,2.16,3.24,2.53,4.71,3.01,4.01,3.65,3.57
29-jun-2021 07:24:00,2.67,1.84,2.91,2.22,4.38,2.68,3.72,3.33,3.24
29-jun-2021 07:25:00,2.95,2.28,3.04,2.45,4.44,2.87,3.80,3.54,3.33
29-jun-2021 07:26:00,2.96,2.48,2.94,2.55,4.70,3.91,4.32,4.20,3.41
29-jun-2021 07:27:00,3.07,2.67,2.99,2.65,5.23,4.57,4.71,4.73,3.56
29-jun-2021 07:28:00,3.25,2.91,3.11,2.81,5.61,5.06,5.06,5.12,3.74
29-jun-2021 07:29:00,3.43,3.12,3.28,3.02,6.00,5.50,5.41,5.50,3.93
29-jun-2021 07:30:00,5.01,4.79,4.88,4.63,6.21,5.17,5.67,5.53,5.09
29-jun-2021 07:31:00,5.60,5.45,5.52,5.31,6.59,5.66,6.13,6.00,5.66
29-jun-2021 07:32:00,5.63,5.43,5.52,5.31,6.70,6.28,6.40,6.40,5.62
29-jun-2021 07:33:00,5.56,5.37,5.50,5.30,7.06,6.68,6.69,6.75,5.67
29-jun-2021 07:34:00,5.62,5.43,5.53,5.36,7.39,7.03,6.97,7.06,5.79
29-jun-2021 07:35:00,5.70,5.53,5.59,5.42,7.67,7.34,7.25,7.35,5.91
29-jun-2021 07:36:00,6.70,6.54,6.59,6.40,7.72,6.82,7.23,7.13,6.76
29-jun-2021 07:37:00,5.51,5.14,5.65,5.31,7.02,5.79,6.47,6.24,6.01
29-jun-2021 07:38:00,5.15,4.37,5.28,4.65,6.68,5.19,6.10,5.77,5.61
29-jun-2021 07:39:00,4.77,3.80,4.91,4.14,6.32,4.69,5.66,5.32,5.29
29-jun-2021 07:40:00,4.38,3.36,4.57,3.74,5.90,4.30,5.32,4.90,4.88
29-jun-2021 07:41:00,4.03,3.01,4.23,3.40,5.60,3.90,4.93,4.55,4.58
29-jun-2021 07:42:00,3.57,2.68,3.81,3.08,5.24,3.56,4.57,4.20,4.18
29-jun-2021 07:43:00,3.17,2.34,3.41,2.72,4.88,3.17,4.18,3.82,3.83
29-jun-2021 07:44:00,2.80,2.02,3.07,2.39,4.58,2.88,3.84,3.52,3.46
29-jun-2021 07:45:00,2.73,1.98,2.88,2.26,4.37,2.72,3.72,3.39,3.22
29-jun-2021 07:46:00,2.96,2.42,2.97,2.58,4.42,3.38,3.99,3.81,3.32
29-jun-2021 07:47:00,3.03,2.59,2.96,2.62,5.00,4.29,4.50,4.46,3.48
29-jun-2021 07:48:00,3.15,2.80,3.05,2.73,5.42,4.83,4.86,4.92,3.64
29-jun-2021 07:49:00,3.35,3.03,3.19,2.93,5.79,5.28,5.23,5.30,3.82
29-jun-2021 07:50:00,4.48,4.20,4.24,3.97,6.07,5.02,5.44,5.26,4.60
29-jun-2021 07:51:00,5.29,5.10,5.19,4.96,6.38,5.39,5.85,5.76,5.35
29-jun-2021 07:52:00,5.63,5.47,5.58,5.35,6.50,5.91,6.22,6.13,5.62
29-jun-2021 07:53:00,5.58,5.37,5.48,5.28,6.86,6.42,6.50,6.52,5.61
29-jun-2021 07:54:00,5.60,5.40,5.51,5.31,7.20,6.82,6.79,6.81,5.72
29-jun-2021 07:55:00,5.66,5.46,5.55,5.37,7.47,7.14,7.06,7.11,5.83
29-jun-2021 07:56:00,6.27,6.04,6.12,5.89,7.56,6.65,7.02,6.88,6.39
29-jun-2021 07:57:00,6.07,5.83,6.25,5.97,7.38,6.31,6.88,6.72,6.44
29-jun-2021 07:58:00,5.37,4.82,5.51,5.03,6.89,5.54,6.31,6.05,5.86
29-jun-2021 07:59:00,5.03,4.11,5.16,4.42,6.56,5.01,5.94,5.58,5.49
29-jun-2021 08:00:00,4.62,3.63,4.80,3.98,6.13,4.50,5.52,5.16,5.15
29-jun-2021 08:01:00,4.23,3.24,4.41,3.61,5.82,4.13,5.13,4.76,4.77
29-jun-2021 08:02:00,3.89,2.89,4.10,3.29,5.51,3.76,4.80,4.42,4.45
29-jun-2021 08:03:00,3.52,2.56,3.72,2.96,5.13,3.40,4.46,4.07,4.06
29-jun-2021 08:04:00,3.11,2.24,3.34,2.64,4.80,3.10,4.13,3.76,3.73
29-jun-2021 08:05:00,2.73,1.90,2.98,2.30,4.45,2.73,3.74,3.44,3.37
29-jun-2021 08:06:00,2.85,2.13,2.96,2.34,4.42,2.81,3.72,3.45,3.29
29-jun-2021 08:07:00,2.92,2.42,2.93,2.53,4.58,3.68,4.25,4.08,3.40
29-jun-2021 08:08:00,3.04,2.63,2.96,2.61,5.15,4.48,4.64,4.61,3.53
29-jun-2021 08:09:00,3.20,2.87,3.08,2.77,5.53,4.97,4.98,5.01,3.70
29-jun-2021 08:10:00,3.40,3.10,3.24,2.98,5.86,5.37,5.33,5.39,3.89
29-jun-2021 08:11:00,4.79,4.55,4.64,4.37,6.10,5.05,5.52,5.38,4.86
29-jun-2021 08:12:00,5.46,5.28,5.35,5.15,6.42,5.51,6.00,5.88,5.52
29-jun-2021 08:13:00,5.60,5.35,5.51,5.29,6.57,6.05,6.30,6.26,5.60
29-jun-2021 08:14:00,5.56,5.35,5.48,5.26,6.95,6.52,6.57,6.60,5.62
29-jun-2021 08:15:00,5.60,5.40,5.50,5.31,7.23,6.90,6.84,6.90,5.74
29-jun-2021 08:16:00,5.67,5.47,5.56,5.38,7.52,7.20,7.10,7.19,5.86
29-jun-2021 08:17:00,6.50,6.33,6.40,6.19,7.66,6.70,7.12,7.00,6.59
29-jun-2021 08:18:00,5.72,5.45,5.91,5.63,7.23,6.03,6.66,6.44,6.21
29-jun-2021 08:19:00,5.31,4.63,5.42,4.87,6.85,5.38,6.24,5.94,5.80
29-jun-2021 08:20:00,4.92,3.98,5.06,4.30,6.47,4.88,5.81,5.47,5.41
29-jun-2021 08:21:00,4.49,3.52,4.67,3.88,6.06,4.40,5.40,5.05,5.04
29-jun-2021 08:22:00,4.13,3.15,4.30,3.54,5.72,4.02,5.05,4.68,4.69
29-jun-2021 08:23:00,3.78,2.80,3.99,3.20,5.37,3.66,4.72,4.35,4.31
29-jun-2021 08:24:00,3.42,2.50,3.62,2.89,5.03,3.33,4.36,4.03,4.02
29-jun-2021 08:25:00,3.06,2.19,3.32,2.59,4.77,3.06,4.08,3.72,3.66
29-jun-2021 08:26:00,2.69,1.84,2.94,2.23,4.45,2.67,3.72,3.36,3.29
29-jun-2021 08:27:00,2.89,2.20,3.00,2.38,4.41,2.81,3.78,3.46,3.33
29-jun-2021 08:28:00,2.93,2.43,2.92,2.55,4.68,3.87,4.30,4.22,3.41
29-jun-2021 08:29:00,3.06,2.65,2.98,2.64,5.27,4.63,4.71,4.73,3.55
29-jun-2021 08:30:00,3.24,2.89,3.09,2.79,5.68,5.05,5.10,5.23,3.72
29-jun-2021 08:31:00,3.41,3.10,3.26,2.99,6.05,5.50,5.45,5.62,3.90
29-jun-2021 08:32:00,4.97,4.74,4.82,4.56,6.19,5.12,5.65,5.45,5.06
29-jun-2021 08:33:00,5.59,5.42,5.47,5.27,6.54,5.61,6.08,5.96,5.64
29-jun-2021 08:34:00,5.63,5.40,5.52,5.28,6.65,6.18,6.38,6.36,5.64
29-jun-2021 08:35:00,5.59,5.39,5.48,5.28,6.97,6.62,6.65,6.70,5.68
29-jun-2021 08:36:00,5.64,5.43,5.51,5.33,7.24,6.94,6.87,7.00,5.79
29-jun-2021 08:37:00,5.72,5.51,5.57,5.41,7.52,7.22,7.10,7.32,5.93
29-jun-2021 08:38:00,6.63,6.46,6.51,6.32,7.65,6.76,7.19,7.07,6.70
29-jun-2021 08:39:00,5.59,5.29,5.77,5.48,7.14,5.91,6.59,6.35,6.12
29-jun-2021 08:40:00,5.22,4.47,5.36,4.76,6.76,5.32,6.16,5.85,5.75
29-jun-2021 08:41:00,4.81,3.88,4.99,4.23,6.37,4.77,5.75,5.40,5.30
29-jun-2021 08:42:00,4.45,3.45,4.63,3.81,5.96,4.36,5.34,4.96,4.99
29-jun-2021 08:43:00,4.04,3.10,4.27,3.49,5.65,3.95,5.00,4.62,4.61
29-jun-2021 08:44:00,3.67,2.75,3.90,3.14,5.31,3.62,4.63,4.28,4.25
29-jun-2021 08:45:00,3.33,2.42,3.57,2.82,4.98,3.26,4.32,3.94,3.91
29-jun-2021 08:46:00,3.01,2.12,3.26,2.50,4.66,2.98,3.95,3.65,3.59
29-jun-2021 08:47:00,2.67,1.80,2.90,2.20,4.31,2.69,3.66,3.33,3.26
29-jun-2021 08:48:00,2.99,2.30,3.05,2.48,4.45,2.92,3.80,3.52,3.36
29-jun-2021 08:49:00,2.97,2.49,2.93,2.55,4.76,3.98,4.34,4.26,3.42
29-jun-2021 08:50:00,3.08,2.68,2.99,2.66,5.31,4.68,4.75,4.77,3.57
29-jun-2021 08:51:00,3.27,2.93,3.14,2.83,5.72,5.13,5.14,5.24,3.74
29-jun-2021 08:52:00,3.50,3.16,3.30,3.04,6.04,5.41,5.52,5.36,3.97
29-jun-2021 08:53:00,5.04,4.84,4.92,4.67,6.22,5.18,5.67,5.54,5.10
29-jun-2021 08:54:00,5.62,5.47,5.54,5.34,6.56,5.69,6.10,6.00,5.65
29-jun-2021 08:55:00,5.59,5.37,5.50,5.26,6.73,6.29,6.42,6.43,5.60
29-jun-2021 08:56:00,5.59,5.37,5.48,5.28,7.11,6.72,6.71,6.75,5.67
29-jun-2021 08:57:00,5.62,5.41,5.50,5.32,7.37,7.02,6.98,7.04,5.78
29-jun-2021 08:58:00,5.73,5.51,5.57,5.40,7.59,7.18,7.22,7.13,5.93
29-jun-2021 08:59:00,6.69,6.53,6.60,6.40,7.70,6.81,7.20,7.10,6.74
29-jun-2021 09:00:00,5.57,5.25,5.73,5.41,7.07,5.85,6.52,6.30,6.08
29-jun-2021 09:01:00,5.18,4.48,5.31,4.74,6.69,5.29,6.15,5.83,5.70
29-jun-2021 09:02:00,4.78,3.83,4.95,4.17,6.32,4.77,5.72,5.35,5.34
29-jun-2021 09:03:00,4.32,3.38,4.55,3.76,5.93,4.29,5.29,4.92,4.89
29-jun-2021 09:04:00,3.90,3.03,4.16,3.41,5.59,3.89,4.89,4.58,4.50
29-jun-2021 09:05:00,3.52,2.67,3.77,3.05,5.23,3.55,4.53,4.22,4.12
29-jun-2021 09:06:00,3.16,2.34,3.41,2.72,4.86,3.16,4.20,3.86,3.82
29-jun-2021 09:07:00,2.84,2.01,3.07,2.38,4.56,2.83,3.87,3.51,3.45
29-jun-2021 09:08:00,2.73,1.96,2.88,2.23,4.33,2.72,3.66,3.37,3.26
29-jun-2021 09:09:00,2.90,2.36,2.91,2.50,4.38,3.40,4.01,3.81,3.32
29-jun-2021 09:10:00,2.97,2.52,2.91,2.55,4.95,4.27,4.48,4.41,3.46
29-jun-2021 09:11:00,3.14,2.77,3.03,2.72,5.40,4.85,4.87,4.87,3.65
29-jun-2021 09:12:00,3.31,2.99,3.18,2.90,5.77,5.27,5.21,5.25,3.82
29-jun-2021 09:13:00,4.48,4.20,4.29,4.00,6.02,4.93,5.40,5.22,4.65
29-jun-2021 09:14:00,5.28,5.10,5.17,4.96,6.35,5.36,5.85,5.75,5.35
29-jun-2021 09:15:00,5.56,5.37,5.49,5.29,6.46,5.87,6.20,6.11,5.56
29-jun-2021 09:16:00,5.52,5.32,5.44,5.22,6.82,6.45,6.51,6.56,5.58
29-jun-2021 09:17:00,5.55,5.34,5.44,5.25,7.17,6.84,6.83,6.88,5.68
29-jun-2021 09:18:00,5.62,5.43,5.50,5.32,7.45,7.17,7.11,7.22,5.81
29-jun-2021 09:19:00,6.29,6.08,6.15,5.92,7.55,6.59,6.96,6.88,6.37
29-jun-2021 09:20:00,6.92,6.76,6.81,6.63,7.81,6.96,7.37,7.29,6.97
29-jun-2021 09:21:00,7.38,7.25,7.29,7.11,8.16,7.37,7.74,7.69,7.39
29-jun-2021 09:22:00,7.81,7.69,7.72,7.57,8.49,7.79,8.12,8.12,7.82
29-jun-2021 09:23:00,8.20,8.08,8.11,7.97,8.83,8.15,8.48,8.44,8.20
29-jun-2021 09:24:00,8.59,8.49,8.50,8.37,9.20,8.53,8.84,8.83,8.60
29-jun-2021 09:25:00,8.94,8.85,8.86,8.74,9.52,8.88,9.17,9.17,8.95
29-jun-2021 09:26:00,9.34,9.23,9.25,9.12,9.83,9.27,9.54,9.54,9.34
29-jun-2021 09:27:00,9.65,9.55,9.56,9.44,10.13,9.58,9.86,9.87,9.66
29-jun-2021 09:28:00,9.97,9.86,9.88,9.76,10.42,9.88,10.15,10.15,9.96
29-jun-2021 09:29:00,10.32,10.21,10.23,10.12,10.75,10.22,10.49,10.48,10.31
29-jun-2021 09:30:00,10.63,10.52,10.55,10.43,11.03,10.53,10.78,10.78,10.62
29-jun-2021 09:31:00,10.95,10.84,10.87,10.75,11.34,10.86,11.10,11.11,10.93
29-jun-2021 09:32:00,11.23,11.13,11.16,11.04,11.61,11.13,11.38,11.37,11.21
29-jun-2021 09:33:00,11.57,11.47,11.49,11.37,11.92,11.45,11.69,11.70,11.54
29-jun-2021 09:34:00,11.83,11.73,11.73,11.63,12.17,11.72,11.96,11.95,11.82
29-jun-2021 09:35:00,12.15,12.06,12.07,11.96,12.47,12.04,12.27,12.26,12.13
29-jun-2021 09:36:00,12.43,12.33,12.35,12.23,12.73,12.31,12.54,12.54,12.40
29-jun-2021 09:37:00,12.72,12.62,12.65,12.54,13.02,12.60,12.83,12.84,12.70
29-jun-2021 09:38:00,12.99,12.88,12.90,12.79,13.26,12.86,13.08,13.08,12.95
29-jun-2021 09:39:00,12.64,12.47,12.79,12.61,13.17,12.61,12.95,12.91,12.83
29-jun-2021 09:40:00,11.70,11.50,11.85,11.65,12.55,11.75,12.27,12.17,12.04
29-jun-2021 09:41:00,11.02,10.63,11.16,10.80,12.05,11.03,11.67,11.53,11.42
29-jun-2021 09:42:00,10.36,9.71,10.51,9.92,11.59,10.34,11.11,10.85,10.80
29-jun-2021 09:43:00,9.77,8.83,9.93,9.13,11.07,9.62,10.57,10.20,10.22
29-jun-2021 09:44:00,9.32,8.17,9.46,8.51,10.61,9.08,10.10,9.67,9.78
29-jun-2021 09:45:00,8.80,7.62,8.99,7.97,10.19,8.51,9.59,9.18,9.34
29-jun-2021 09:46:00,8.35,7.15,8.56,7.52,9.78,8.04,9.14,8.75,8.88
29-jun-2021 09:47:00,7.94,6.70,8.14,7.12,9.36,7.60,8.73,8.30,8.47
29-jun-2021 09:48:00,7.43,6.26,7.66,6.68,8.90,7.15,8.26,7.86,7.98
29-jun-2021 09:49:00,7.03,5.90,7.25,6.31,8.54,6.73,7.89,7.48,7.57
29-jun-2021 09:50:00,6.59,5.53,6.84,5.93,8.20,6.34,7.48,7.10,7.19
29-jun-2021 09:51:00,6.18,5.19,6.46,5.57,7.81,5.99,7.13,6.75,6.79
29-jun-2021 09:52:00,5.83,4.90,6.09,5.26,7.46,5.68,6.79,6.45,6.44
29-jun-2021 09:53:00,5.45,4.52,5.70,4.89,7.05,5.28,6.41,6.06,6.01
29-jun-2021 09:54:00,5.16,4.18,5.40,4.58,6.74,4.94,6.06,5.73,5.72
29-jun-2021 09:55:00,4.86,3.85,5.09,4.24,6.42,4.62,5.74,5.41,5.42
29-jun-2021 09:56:00,4.57,3.53,4.81,3.93,6.17,4.33,5.45,5.11,5.13
29-jun-2021 09:57:00,4.33,3.29,4.56,3.67,5.92,4.08,5.21,4.86,4.82
29-jun-2021 09:58:00,4.05,2.99,4.27,3.38,5.67,3.80,4.92,4.58,4.57
29-jun-2021 09:59:00,3.78,2.69,4.02,3.10,5.45,3.57,4.67,4.30,4.27
29-jun-2021 10:00:00,3.56,2.39,3.79,2.81,5.18,3.25,4.43,4.05,4.07
29-jun-2021 10:01:00,3.33,2.13,3.52,2.55,4.95,2.99,4.18,3.78,3.83
29-jun-2021 10:02:00,3.07,1.89,3.30,2.30,4.63,2.75,3.91,3.50,3.56
29-jun-2021 10:03:00,2.85,1.65,3.06,2.05,4.43,2.50,3.68,3.30,3.32
29-jun-2021 10:04:00,3.10,2.20,3.15,2.35,4.57,2.78,3.85,3.55,3.45
29-jun-2021 10:05:00,3.05,2.42,2.98,2.44,4.87,3.98,4.43,4.41,3.46
29-jun-2021 10:06:00,3.18,2.66,3.05,2.58,5.47,4.74,4.89,5.03,3.62
29-jun-2021 10:07:00,3.36,2.91,3.20,2.77,5.93,5.30,5.34,5.50,3.83
29-jun-2021 10:08:00,3.56,3.10,3.36,2.97,6.34,5.76,5.80,5.93,4.01
29-jun-2021 10:09:00,5.07,4.77,4.92,4.55,6.40,5.09,5.77,5.58,5.13
29-jun-2021 10:10:00,5.78,5.55,5.64,5.38,6.81,5.69,6.30,6.18,5.82
29-jun-2021 10:11:00,5.71,5.45,5.56,5.32,6.93,6.35,6.60,6.69,5.73
29-jun-2021 10:12:00,5.77,5.47,5.59,5.34,7.37,6.88,6.99,7.21,5.82
29-jun-2021 10:13:00,5.80,5.51,5.62,5.38,7.73,7.25,7.32,7.46,5.94
29-jun-2021 10:14:00,5.45,5.12,5.59,5.22,7.20,5.88,6.52,6.26,5.95
29-jun-2021 10:15:00,4.97,4.27,5.13,4.49,6.74,5.06,6.05,5.71,5.54
29-jun-2021 10:16:00,4.49,3.73,4.73,4.00,6.28,4.56,5.59,5.26,5.16
29-jun-2021 10:17:00,4.12,3.34,4.38,3.66,5.92,4.09,5.21,4.83,4.81
29-jun-2021 10:18:00,3.80,2.97,4.08,3.33,5.59,3.73,4.88,4.50,4.45
29-jun-2021 10:19:00,3.51,2.66,3.77,3.03,5.30,3.40,4.52,4.20,4.15
29-jun-2021 10:20:00,3.28,2.41,3.52,2.77,5.07,3.13,4.28,3.93,3.90
29-jun-2021 10:21:00,3.03,2.15,3.29,2.52,4.78,2.89,4.03,3.72,3.65
29-jun-2021 10:22:00,2.82,1.90,3.06,2.27,4.59,2.69,3.84,3.46,3.42
29-jun-2021 10:23:00,2.92,2.08,3.04,2.30,4.53,2.75,3.80,3.49,3.32
29-jun-2021 10:24:00,3.05,2.46,3.03,2.59,4.70,3.71,4.33,4.22,3.43
29-jun-2021 10:25:00,3.20,2.72,3.09,2.69,5.36,4.66,4.78,4.96,3.62
29-jun-2021 10:26:00,3.34,2.94,3.19,2.84,5.83,5.18,5.21,5.34,3.81
29-jun-2021 10:27:00,3.53,3.18,3.37,3.06,6.22,5.66,5.63,5.79,4.02
29-jun-2021 10:28:00,5.05,4.79,4.87,4.53,6.46,5.24,5.81,5.62,5.11
29-jun-2021 10:29:00,5.75,5.56,5.63,5.38,6.83,5.74,6.29,6.18,5.76
29-jun-2021 10:30:00,5.94,5.72,5.84,5.60,6.98,6.34,6.68,6.63,5.92
29-jun-2021 10:31:00,5.97,5.69,5.80,5.57,7.35,6.93,7.01,7.12,5.97
29-jun-2021 10:32:00,5.99,5.72,5.84,5.60,7.74,7.32,7.32,7.57,6.07
29-jun-2021 10:33:00,5.96,5.65,5.99,5.67,7.66,6.49,6.96,6.70,6.28
29-jun-2021 10:34:00,5.19,4.61,5.34,4.82,6.97,5.38,6.28,5.95,5.74
29-jun-2021 10:35:00,4.77,3.99,5.00,4.27,6.55,4.84,5.82,5.52,5.38
29-jun-2021 10:36:00,4.33,3.55,4.60,3.88,6.13,4.40,5.43,5.13,5.01
29-jun-2021 10:37:00,3.97,3.21,4.24,3.54,5.80,3.99,5.08,4.72,4.64
29-jun-2021 10:38:00,3.67,2.89,3.97,3.25,5.49,3.66,4.73,4.41,4.28
29-jun-2021 10:39:00,3.43,2.58,3.67,2.96,5.16,3.40,4.46,4.15,3.99
29-jun-2021 10:40:00,3.15,2.30,3.41,2.67,4.96,3.11,4.18,3.86,3.74
29-jun-2021 10:41:00,2.93,2.03,3.16,2.42,4.68,2.83,3.94,3.58,3.46
29-jun-2021 10:42:00,2.71,1.81,2.93,2.16,4.41,2.60,3.70,3.33,3.26
29-jun-2021 10:43:00,3.05,2.40,3.07,2.57,4.48,3.10,4.00,3.72,3.37
29-jun-2021 10:44:00,3.09,2.60,3.02,2.61,5.03,4.27,4.55,4.62,3.50
29-jun-2021 10:45:00,3.24,2.84,3.13,2.78,5.59,4.96,5.00,5.07,3.70
29-jun-2021 10:46:00,3.45,3.08,3.29,2.99,6.02,5.44,5.42,5.54,3.90
29-jun-2021 10:47:00,4.42,4.09,4.10,3.80,6.31,5.28,5.68,5.42,4.59
29-jun-2021 10:48:00,5.46,5.26,5.33,5.08,6.63,5.52,6.07,5.92,5.48
29-jun-2021 10:49:00,5.91,5.73,5.84,5.58,6.92,6.00,6.46,6.36,5.91
29-jun-2021 10:50:00,5.89,5.62,5.75,5.51,7.13,6.64,6.79,6.82,5.88
29-jun-2021 10:51:00,5.89,5.63,5.75,5.54,7.49,7.08,7.12,7.21,5.96
29-jun-2021 10:52:00,5.95,5.70,5.81,5.60,7.81,7.42,7.39,7.57,6.08
29-jun-2021 10:53:00,5.61,5.29,5.76,5.41,7.39,6.10,6.66,6.44,6.01
29-jun-2021 10:54:00,5.08,4.36,5.24,4.65,6.86,5.26,6.14,5.85,5.60
29-jun-2021 10:55:00,4.59,3.83,4.86,4.15,6.42,4.69,5.74,5.36,5.21
29-jun-2021 10:56:00,4.18,3.39,4.46,3.75,5.99,4.24,5.32,4.93,4.82
29-jun-2021 10:57:00,3.83,3.02,4.12,3.40,5.62,3.85,4.94,4.60,4.50
29-jun-2021 10:58:00,3.51,2.70,3.81,3.08,5.32,3.50,4.63,4.24,4.14
29-jun-2021 10:59:00,3.24,2.41,3.51,2.79,5.08,3.20,4.31,3.96,3.88
29-jun-2021 11:00:00,2.99,2.12,3.26,2.50,4.80,2.93,4.00,3.67,3.58
29-jun-2021 11:01:00,2.71,1.81,2.97,2.21,4.45,2.63,3.76,3.37,3.30
29-jun-2021 11:02:00,3.01,2.29,3.12,2.47,4.61,2.90,3.88,3.59,3.39
29-jun-2021 11:03:00,3.04,2.54,3.01,2.59,4.89,4.05,4.46,4.42,3.46
29-jun-2021 11:04:00,3.20,2.77,3.10,2.71,5.47,4.81,4.89,4.95,3.64
29-jun-2021 11:05:00,3.36,3.00,3.23,2.90,5.90,5.29,5.28,5.35,3.85
29-jun-2021 11:06:00,3.57,3.24,3.40,3.13,6.27,5.73,5.67,5.78,4.06
29-jun-2021 11:07:00,5.26,5.03,5.12,4.85,6.49,5.38,5.92,5.75,5.30
29-jun-2021 11:08:00,5.85,5.67,5.74,5.52,6.87,5.87,6.36,6.25,5.87
29-jun-2021 11:09:00,5.86,5.63,5.73,5.52,7.01,6.47,6.68,6.68,5.84
29-jun-2021 11:10:00,5.87,5.62,5.74,5.52,7.39,6.95,7.01,7.07,5.92
29-jun-2021 11:11:00,5.91,5.66,5.78,5.57,7.72,7.30,7.30,7.43,6.04
29-jun-2021 11:12:00,6.08,5.78,5.94,5.70,7.87,7.17,7.37,7.22,6.26
29-jun-2021 11:13:00,5.19,4.70,5.36,4.89,7.01,5.53,6.35,6.03,5.74
29-jun-2021 11:14:00,4.78,3.97,5.00,4.29,6.57,4.87,5.88,5.51,5.42
29-jun-2021 11:15:00,4.29,3.50,4.56,3.85,6.15,4.40,5.42,5.10,4.99
29-jun-2021 11:16:00,3.94,3.16,4.22,3.52,5.75,4.00,5.06,4.68,4.65
29-jun-2021 11:17:00,3.59,2.80,3.86,3.17,5.47,3.60,4.71,4.33,4.26
29-jun-2021 11:18:00,3.25,2.45,3.52,2.83,5.06,3.25,4.36,3.99,3.91
29-jun-2021 11:19:00,2.95,2.13,3.24,2.52,4.83,2.92,4.06,3.68,3.61
29-jun-2021 11:20:00,2.67,1.80,2.93,2.19,4.52,2.61,3.76,3.38,3.34
29-jun-2021 11:21:00,2.97,2.24,3.08,2.42,4.60,2.87,3.87,3.55,3.37
29-jun-2021 11:22:00,3.02,2.49,3.01,2.59,4.83,3.95,4.39,4.30,3.45
29-jun-2021 11:23:00,3.16,2.73,3.07,2.69,5.43,4.72,4.82,4.85,3.62
29-jun-2021 11:24:00,3.33,2.97,3.20,2.89,5.82,5.23,5.28,5.26,3.82
29-jun-2021 11:25:00,3.52,3.20,3.36,3.10,6.19,5.65,5.64,5.67,4.02
29-jun-2021 11:26:00,5.13,4.90,5.00,4.74,6.43,5.31,5.83,5.65,5.18
29-jun-2021 11:27:00,5.74,5.57,5.65,5.44,6.77,5.79,6.28,6.15,5.79
29-jun-2021 11:28:00,5.78,5.54,5.64,5.43,6.90,6.36,6.56,6.54,5.77
29-jun-2021 11:29:00,5.75,5.52,5.64,5.43,7.29,6.83,6.87,6.91,5.84
29-jun-2021 11:30:00,5.83,5.59,5.68,5.50,7.56,7.18,7.17,7.22,5.95
29-jun-2021 11:31:00,5.92,5.68,5.77,5.57,7.91,7.51,7.46,7.57,6.08
29-jun-2021 11:32:00,6.00,5.73,6.15,5.85,7.55,6.36,6.94,6.74,6.38
29-jun-2021 11:33:00,5.23,4.56,5.40,4.85,6.96,5.45,6.33,5.96,5.81
29-jun-2021 11:34:00,4.72,3.95,4.98,4.25,6.50,4.85,5.83,5.49,5.42
29-jun-2021 11:35:00,4.25,3.47,4.54,3.84,6.11,4.35,5.38,5.04,4.98
29-jun-2021 11:36:00,3.84,3.05,4.13,3.44,5.67,3.87,4.96,4.62,4.55
29-jun-2021 11:37:00,3.49,2.68,3.79,3.08,5.34,3.49,4.61,4.26,4.15
29-jun-2021 11:38:00,3.17,2.34,3.45,2.74,4.98,3.18,4.26,3.91,3.80
29-jun-2021 11:39:00,2.88,2.00,3.17,2.41,4.68,2.85,4.00,3.57,3.51
29-jun-2021 11:40:00,2.74,1.85,2.94,2.18,4.49,2.66,3.74,3.38,3.29
29-jun-2021 11:41:00,3.05,2.40,3.08,2.59,4.62,3.33,4.07,3.82,3.42
29-jun-2021 11:42:00,3.10,2.61,3.06,2.64,5.15,4.38,4.59,4.59,3.56
29-jun-2021 11:43:00,3.24,2.85,3.13,2.79,5.62,4.96,5.03,5.03,3.72
29-jun-2021 11:44:00,3.44,3.08,3.28,2.99,5.99,5.41,5.48,5.43,3.93
29-jun-2021 11:45:00,4.55,4.26,4.28,4.00,6.29,5.26,5.61,5.45,4.65
29-jun-2021 11:46:00,5.41,5.19,5.29,5.05,6.57,5.48,6.01,5.86,5.45
29-jun-2021 11:47:00,5.77,5.57,5.70,5.49,6.69,5.90,6.32,6.26,5.76
29-jun-2021 11:48:00,5.78,5.51,5.63,5.42,7.03,6.55,6.69,6.68,5.78
29-jun-2021 11:49:00,5.79,5.53,5.66,5.45,7.39,6.96,6.97,7.01,5.87
29-jun-2021 11:50:00,5.83,5.59,5.69,5.52,7.65,7.28,7.23,7.31,5.97
29-jun-2021 11:51:00,6.32,6.07,6.18,5.92,7.75,6.85,7.15,7.02,6.44
29-jun-2021 11:52:00,5.47,5.16,5.70,5.35,7.25,5.86,6.59,6.36,6.04
29-jun-2021 11:53:00,5.05,4.28,5.25,4.58,6.82,5.16,6.11,5.75,5.68
29-jun-2021 11:54:00,4.52,3.74,4.79,4.09,6.35,4.64,5.65,5.26,5.21
29-jun-2021 11:55:00,4.05,3.30,4.36,3.67,5.91,4.16,5.20,4.86,4.70
29-jun-2021 11:56:00,3.70,2.92,4.00,3.31,5.55,3.73,4.82,4.47,4.39
29-jun-2021 11:57:00,3.38,2.56,3.65,2.96,5.17,3.39,4.50,4.10,4.05
29-jun-2021 11:58:00,3.04,2.20,3.31,2.59,4.91,3.04,4.13,3.77,3.69
29-jun-2021 11:59:00,2.77,1.88,3.03,2.28,4.60,2.68,3.82,3.43,3.42
29-jun-2021 12:00:00,2.89,2.12,3.02,2.35,4.53,2.79,3.79,3.50,3.35
29-jun-2021 12:01:00,2.97,2.40,2.97,2.54,4.72,3.74,4.30,4.15,3.43
29-jun-2021 12:02:00,3.10,2.65,3.02,2.64,5.33,4.59,4.74,4.71,3.57
29-jun-2021 12:03:00,3.29,2.92,3.16,2.84,5.77,5.12,5.18,5.17,3.78
29-jun-2021 12:04:00,3.47,3.14,3.32,3.04,6.10,5.56,5.53,5.55,3.98
29-jun-2021 12:05:00,4.96,4.70,4.80,4.54,6.32,5.19,5.69,5.56,5.02
29-jun-2021 12:06:00,5.59,5.40,5.49,5.26,6.70,5.64,6.14,6.00,5.64
29-jun-2021 12:07:00,5.71,5.48,5.65,5.39,6.78,6.16,6.45,6.42,5.71
29-jun-2021 12:08:00,5.71,5.45,5.61,5.37,7.15,6.67,6.76,6.77,5.75
29-jun-2021 12:09:00,5.76,5.51,5.64,5.43,7.45,7.03,7.03,7.07,5.87
29-jun-2021 12:10:00,5.82,5.58,5.68,5.48,7.70,7.33,7.29,7.35,5.97
29-jun-2021 12:11:00,6.61,6.41,6.51,6.27,7.82,6.83,7.24,7.13,6.68
29-jun-2021 12:12:00,5.38,4.95,5.58,5.16,7.17,5.72,6.50,6.24,6.00
29-jun-2021 12:13:00,4.94,4.13,5.16,4.47,6.68,5.08,6.00,5.69,5.58
29-jun-2021 12:14:00,4.41,3.63,4.69,3.99,6.23,4.50,5.53,5.16,5.13
29-jun-2021 12:15:00,3.97,3.21,4.26,3.59,5.81,4.04,5.11,4.75,4.66
29-jun-2021 12:16:00,3.63,2.82,3.91,3.21,5.42,3.64,4.74,4.33,4.32
29-jun-2021 12:17:00,3.26,2.44,3.57,2.85,5.13,3.34,4.37,4.04,3.94
29-jun-2021 12:18:00,2.98,2.15,3.28,2.55,4.81,2.97,4.07,3.71,3.60
29-jun-2021 12:19:00,2.64,1.81,2.96,2.23,4.52,2.64,3.75,3.37,3.30
29-jun-2021 12:20:00,2.94,2.21,3.06,2.41,4.51,2.82,3.83,3.52,3.38
29-jun-2021 12:21:00,2.99,2.47,2.96,2.56,4.81,3.92,4.39,4.30,3.43
29-jun-2021 12:22:00,3.13,2.71,3.04,2.68,5.39,4.67,4.81,4.79,3.61
29-jun-2021 12:23:00,3.32,2.95,3.17,2.87,5.79,5.16,5.21,5.19,3.79
29-jun-2021 12:24:00,3.51,3.18,3.34,3.08,6.13,5.57,5.58,5.59,3.99
29-jun-2021 12:25:00,5.09,4.85,4.96,4.69,6.38,5.24,5.78,5.63,5.15
29-jun-2021 12:26:00,5.67,5.48,5.58,5.35,6.72,5.69,6.20,6.08,5.71
29-jun-2021 12:27:00,5.71,5.46,5.61,5.37,6.82,6.27,6.48,6.47,5.69
29-jun-2021 12:28:00,5.69,5.47,5.59,5.38,7.20,6.75,6.81,6.84,5.77
29-jun-2021 12:29:00,5.75,5.51,5.63,5.42,7.49,7.10,7.07,7.15,5.87
29-jun-2021 12:30:00,5.84,5.60,5.68,5.47,7.79,7.40,7.37,7.45,5.99
29-jun-2021 12:31:00,6.52,6.31,6.52,6.27,7.74,6.72,7.20,7.04,6.69
29-jun-2021 12:32:00,5.33,4.81,5.52,5.05,7.11,5.59,6.42,6.12,5.94
29-jun-2021 12:33:00,4.88,4.06,5.12,4.40,6.64,4.98,5.93,5.62,5.51
29-jun-2021 12:34:00,4.36,3.57,4.65,3.94,6.22,4.42,5.46,5.10,5.09
29-jun-2021 12:35:00,3.96,3.14,4.24,3.55,5.81,3.97,5.05,4.70,4.65
29-jun-2021 12:36:00,3.57,2.76,3.87,3.16,5.41,3.58,4.70,4.31,4.27
29-jun-2021 12:37:00,3.24,2.43,3.55,2.83,5.12,3.23,4.33,4.00,3.94
29-jun-2021 12:38:00,2.94,2.07,3.23,2.50,4.79,2.91,4.02,3.66,3.63
29-jun-2021 12:39:00,2.67,1.73,2.93,2.15,4.47,2.56,3.71,3.32,3.23
29-jun-2021 12:40:00,3.03,2.30,3.09,2.46,4.55,2.90,3.86,3.56,3.36
29-jun-2021 12:41:00,3.01,2.50,2.98,2.55,4.93,4.06,4.45,4.41,3.45
29-jun-2021 12:42:00,3.17,2.73,3.07,2.69,5.48,4.77,4.88,4.88,3.63
29-jun-2021 12:43:00,3.37,2.99,3.21,2.90,5.87,5.27,5.33,5.30,3.84
29-jun-2021 12:44:00,3.69,3.32,3.44,3.15,6.21,5.51,5.59,5.43,4.09
29-jun-2021 12:45:00,5.20,4.96,5.07,4.79,6.42,5.28,5.84,5.68,5.22
29-jun-2021 12:46:00,5.73,5.55,5.65,5.41,6.77,5.77,6.22,6.12,5.75
29-jun-2021 12:47:00,5.69,5.46,5.59,5.35,6.91,6.35,6.54,6.54,5.71
29-jun-2021 12:48:00,5.72,5.47,5.59,5.37,7.27,6.79,6.85,6.85,5.78
29-jun-2021 12:49:00,5.77,5.53,5.64,5.43,7.57,7.14,7.11,7.17,5.90
29-jun-2021 12:50:00,5.91,5.66,5.75,5.53,7.78,7.25,7.33,7.20,6.11
29-jun-2021 12:51:00,6.01,5.73,6.17,5.86,7.52,6.32,6.94,6.71,6.42
29-jun-2021 12:52:00,5.23,4.54,5.40,4.84,6.99,5.44,6.32,5.95,5.83
29-jun-2021 12:53:00,4.67,3.91,4.94,4.24,6.48,4.78,5.82,5.42,5.35
29-jun-2021 12:54:00,4.20,3.40,4.47,3.77,6.05,4.25,5.33,4.94,4.92
29-jun-2021 12:55:00,3.81,3.00,4.11,3.38,5.67,3.84,4.92,4.58,4.53
29-jun-2021 12:56:00,3.47,2.62,3.73,3.01,5.28,3.46,4.54,4.20,4.14
29-jun-2021 12:57:00,3.15,2.28,3.42,2.69,5.00,3.12,4.23,3.85,3.82
29-jun-2021 12:58:00,2.79,1.93,3.09,2.33,4.71,2.74,3.89,3.50,3.49
29-jun-2021 12:59:00,2.69,1.84,2.88,2.16,4.47,2.62,3.71,3.36,3.20
29-jun-2021 13:00:00,2.98,2.38,3.01,2.55,4.57,3.33,4.09,3.84,3.39
29-jun-2021 13:01:00,3.06,2.55,2.99,2.59,5.14,4.34,4.58,4.58,3.52
29-jun-2021 13:02:00,3.23,2.82,3.11,2.76,5.62,4.95,5.01,5.01,3.71
29-jun-2021 13:03:00,3.42,3.07,3.26,2.97,6.01,5.41,5.44,5.42,3.91
29-jun-2021 13:04:00,4.64,4.34,4.40,4.08,6.26,5.20,5.62,5.41,4.69
29-jun-2021 13:05:00,5.39,5.18,5.28,5.03,6.55,5.45,5.98,5.84,5.42
29-jun-2021 13:06:00,5.72,5.50,5.66,5.41,6.71,5.93,6.35,6.24,5.73
29-jun-2021 13:07:00,5.68,5.45,5.59,5.34,7.03,6.51,6.66,6.63,5.72
29-jun-2021 13:08:00,5.74,5.50,5.62,5.40,7.38,6.93,6.95,6.98,5.83
29-jun-2021 13:09:00,5.79,5.56,5.66,5.46,7.62,7.23,7.20,7.26,5.94
29-jun-2021 13:10:00,6.35,6.10,6.21,5.96,7.73,6.80,7.15,7.01,6.45
29-jun-2021 13:11:00,5.52,5.23,5.78,5.40,7.31,5.94,6.64,6.43,6.11
29-jun-2021 13:12:00,5.11,4.32,5.30,4.63,6.81,5.20,6.17,5.82,5.72
29-jun-2021 13:13:00,4.51,3.76,4.82,4.09,6.35,4.62,5.67,5.28,5.24
29-jun-2021 13:14:00,4.10,3.31,4.38,3.68,5.92,4.12,5.23,4.82,4.84
29-jun-2021 13:15:00,3.71,2.92,3.99,3.30,5.52,3.72,4.82,4.49,4.43
29-jun-2021 13:16:00,3.34,2.55,3.65,2.95,5.22,3.34,4.50,4.10,4.06
29-jun-2021 13:17:00,3.04,2.20,3.33,2.61,4.87,3.04,4.15,3.79,3.70
29-jun-2021 13:18:00,2.74,1.88,3.01,2.28,4.58,2.67,3.84,3.44,3.39
29-jun-2021 13:19:00,2.87,2.12,3.00,2.34,4.51,2.77,3.79,3.50,3.27
29-jun-2021 13:20:00,2.96,2.46,2.96,2.57,4.74,3.74,4.31,4.13,3.42
29-jun-2021 13:21:00,3.12,2.68,3.04,2.66,5.34,4.59,4.74,4.74,3.59
29-jun-2021 13:22:00,3.30,2.94,3.17,2.86,5.75,5.11,5.21,5.17,3.78
29-jun-2021 13:23:00,3.50,3.17,3.33,3.07,6.10,5.55,5.54,5.55,3.99
29-jun-2021 13:24:00,4.99,4.74,4.84,4.55,6.39,5.24,5.75,5.57,5.06
29-jun-2021 13:25:00,5.61,5.42,5.50,5.26,6.70,5.64,6.16,6.03,5.62
29-jun-2021 13:26:00,5.72,5.51,5.61,5.38,6.83,6.19,6.48,6.42,5.72
29-jun-2021 13:27:00,5.73,5.50,5.61,5.38,7.19,6.72,6.81,6.81,5.78
29-jun-2021 13:28:00,5.77,5.53,5.64,5.43,7.52,7.10,7.07,7.17,5.89
29-jun-2021 13:29:00,5.85,5.61,5.69,5.50,7.82,7.41,7.35,7.44,6.00
29-jun-2021 13:30:00,6.50,6.27,6.46,6.20,7.81,6.73,7.22,7.06,6.64
29-jun-2021 13:31:00,5.32,4.80,5.51,5.02,7.05,5.59,6.44,6.11,5.89
29-jun-2021 13:32:00,4.87,4.06,5.10,4.38,6.64,4.95,5.98,5.57,5.51
29-jun-2021 13:33:00,4.34,3.58,4.62,3.92,6.17,4.43,5.47,5.11,5.01
29-jun-2021 13:34:00,3.97,3.17,4.24,3.54,5.77,3.97,5.09,4.71,4.64
29-jun-2021 13:35:00,3.60,2.81,3.89,3.19,5.45,3.61,4.71,4.35,4.25
29-jun-2021 13:36:00,3.31,2.48,3.57,2.88,5.14,3.27,4.40,4.04,3.97
29-jun-2021 13:37:00,3.00,2.13,3.24,2.51,4.81,2.92,4.08,3.69,3.63
29-jun-2021 13:38:00,2.70,1.80,2.98,2.20,4.51,2.60,3.76,3.36,3.35
29-jun-2021 13:39:00,2.97,2.22,3.09,2.40,4.59,2.80,3.86,3.56,3.40
29-jun-2021 13:40:00,3.00,2.45,2.97,2.54,4.79,3.90,4.39,4.36,3.44
29-jun-2021 13:41:00,3.15,2.70,3.06,2.65,5.39,4.69,4.82,4.82,3.62
29-jun-2021 13:42:00,3.34,2.96,3.20,2.88,5.84,5.20,5.30,5.24,3.82
29-jun-2021 13:43:00,3.54,3.21,3.37,3.09,6.19,5.63,5.67,5.64,4.03
29-jun-2021 13:44:00,5.12,4.88,4.97,4.69,6.41,5.28,5.81,5.67,5.15
29-jun-2021 13:45:00,5.72,5.53,5.62,5.39,6.78,5.74,6.26,6.13,5.76
29-jun-2021 13:46:00,5.75,5.51,5.62,5.39,6.89,6.32,6.54,6.55,5.73
29-jun-2021 13:47:00,5.77,5.52,5.63,5.40,7.28,6.81,6.87,6.89,5.82
29-jun-2021 13:48:00,5.80,5.56,5.67,5.47,7.58,7.16,7.15,7.21,5.93
29-jun-2021 13:49:00,5.87,5.63,5.71,5.51,7.86,7.47,7.41,7.51,6.05
29-jun-2021 13:50:00,6.02,5.74,6.18,5.84,7.55,6.33,6.93,6.69,6.36
29-jun-2021 13:51:00,5.22,4.58,5.41,4.84,6.96,5.41,6.34,6.00,5.85
29-jun-2021 13:52:00,4.73,3.94,4.99,4.27,6.55,4.81,5.87,5.48,5.42
29-jun-2021 13:53:00,4.28,3.48,4.55,3.83,6.11,4.31,5.38,5.02,4.99
29-jun-2021 13:54:00,3.88,3.07,4.15,3.46,5.75,3.89,4.97,4.62,4.56
29-jun-2021 13:55:00,3.53,2.71,3.81,3.09,5.34,3.54,4.67,4.27,4.17
29-jun-2021 13:56:00,3.19,2.39,3.49,2.77,5.02,3.18,4.30,3.94,3.85
29-jun-2021 13:57:00,2.92,2.06,3.20,2.46,4.77,2.89,3.99,3.64,3.53
29-jun-2021 13:58:00,2.64,1.73,2.91,2.13,4.49,2.57,3.68,3.31,3.23
29-jun-2021 13:59:00,3.06,2.37,3.08,2.55,4.58,3.04,3.97,3.67,3.38
29-jun-2021 14:00:00,3.07,2.56,3.02,2.61,5.01,4.21,4.52,4.49,3.51
29-jun-2021 14:01:00,3.22,2.79,3.11,2.75,5.53,4.87,4.97,5.00,3.69
29-jun-2021 14:02:00,3.41,3.05,3.27,2.97,5.96,5.36,5.36,5.42,3.90
29-jun-2021 14:03:00,4.16,3.81,3.83,3.53,6.32,5.41,5.60,5.42,4.43
29-jun-2021 14:04:00,5.33,5.10,5.20,4.95,6.57,5.41,5.96,5.79,5.40
29-jun-2021 14:05:00,5.81,5.63,5.72,5.51,6.78,5.87,6.30,6.19,5.80
29-jun-2021 14:06:00,5.78,5.54,5.65,5.42,7.02,6.49,6.66,6.64,5.80
29-jun-2021 14:07:00,5.80,5.55,5.65,5.43,7.38,6.92,6.96,7.00,5.87
29-jun-2021 14:08:00,5.86,5.61,5.70,5.50,7.69,7.28,7.26,7.30,5.99
29-jun-2021 14:09:00,6.16,5.87,5.98,5.73,7.81,7.06,7.22,7.10,6.30
29-jun-2021 14:10:00,5.46,5.11,5.68,5.28,7.23,5.88,6.59,6.32,6.01
29-jun-2021 14:11:00,5.05,4.26,5.22,4.57,6.80,5.15,6.15,5.74,5.67
29-jun-2021 14:12:00,4.49,3.71,4.76,4.05,6.36,4.58,5.62,5.26,5.22
29-jun-2021 14:13:00,4.06,3.29,4.34,3.66,5.94,4.12,5.19,4.80,4.79
29-jun-2021 14:14:00,3.70,2.89,4.00,3.27,5.56,3.69,4.79,4.43,4.40
29-jun-2021 14:15:00,3.36,2.52,3.65,2.93,5.20,3.33,4.46,4.09,4.02
29-jun-2021 14:16:00,3.04,2.18,3.33,2.58,4.91,3.00,4.16,3.76,3.68
29-jun-2021 14:17:00,2.74,1.84,3.04,2.26,4.57,2.68,3.84,3.42,3.43
29-jun-2021 14:18:00,2.91,2.13,3.04,2.35,4.56,2.77,3.85,3.53,3.34
29-jun-2021 14:19:00,3.01,2.47,3.02,2.60,4.77,3.79,4.36,4.24,3.43
29-jun-2021 14:20:00,3.14,2.69,3.06,2.68,5.36,4.62,4.78,4.76,3.60
29-jun-2021 14:21:00,3.33,2.94,3.19,2.85,5.78,5.14,5.20,5.17,3.80
29-jun-2021 14:22:00,3.51,3.17,3.35,3.06,6.13,5.57,5.55,5.56,4.00
29-jun-2021 14:23:00,5.03,4.77,4.87,4.58,6.42,5.26,5.77,5.61,5.10
29-jun-2021 14:24:00,5.67,5.45,5.55,5.32,6.78,5.71,6.22,6.08,5.71
29-jun-2021 14:25:00,5.77,5.54,5.70,5.44,6.87,6.26,6.51,6.48,5.77
29-jun-2021 14:26:00,5.76,5.52,5.65,5.42,7.23,6.77,6.82,6.85,5.81
29-jun-2021 14:27:00,5.81,5.56,5.68,5.47,7.58,7.15,7.12,7.19,5.92
29-jun-2021 14:28:00,5.88,5.65,5.74,5.53,7.84,7.46,7.40,7.47,6.05
29-jun-2021 14:29:00,6.24,5.98,6.31,6.00,7.70,6.57,7.09,6.89,6.45
29-jun-2021 14:30:00,5.26,4.65,5.44,4.91,7.03,5.50,6.40,6.05,5.86
29-jun-2021 14:31:00,4.76,3.98,5.02,4.32,6.62,4.88,5.89,5.56,5.43
29-jun-2021 14:32:00,4.27,3.49,4.58,3.86,6.19,4.40,5.43,5.06,5.02
29-jun-2021 14:33:00,3.89,3.08,4.17,3.47,5.78,3.97,5.04,4.65,4.62
29-jun-2021 14:34:00,3.53,2.73,3.81,3.12,5.45,3.56,4.64,4.27,4.28
29-jun-2021 14:35:00,3.25,2.40,3.51,2.81,5.10,3.22,4.31,4.00,3.90
29-jun-2021 14:36:00,2.93,2.10,3.22,2.49,4.79,2.93,4.04,3.68,3.59
29-jun-2021 14:37:00,2.67,1.77,2.93,2.16,4.49,2.56,3.76,3.32,3.30
29-jun-2021 14:38:00,3.02,2.32,3.11,2.46,4.64,2.88,3.91,3.58,3.39
29-jun-2021 14:39:00,3.04,2.53,3.02,2.61,4.93,4.04,4.47,4.38,3.48
29-jun-2021 14:40:00,3.19,2.75,3.10,2.73,5.48,4.79,4.90,4.89,3.65
29-jun-2021 14:41:00,3.37,3.01,3.24,2.91,5.90,5.28,5.29,5.35,3.85
29-jun-2021 14:42:00,3.57,3.24,3.40,3.13,6.24,5.71,5.65,5.73,4.06
29-jun-2021 14:43:00,5.20,4.98,5.07,4.80,6.50,5.34,5.91,5.74,5.24
29-jun-2021 14:44:00,5.81,5.62,5.71,5.47,6.87,5.82,6.32,6.21,5.85
29-jun-2021 14:45:00,5.79,5.53,5.67,5.44,6.96,6.44,6.61,6.61,5.80
29-jun-2021 14:46:00,5.79,5.54,5.66,5.45,7.32,6.89,6.94,7.00,5.86
29-jun-2021 14:47:00,5.85,5.61,5.72,5.52,7.67,7.28,7.29,7.36,5.99
29-jun-2021 14:48:00,5.95,5.72,5.78,5.58,7.95,7.61,7.56,7.68,6.12
29-jun-2021 14:49:00,5.48,5.14,5.68,5.33,7.30,5.90,6.60,6.38,6.01
29-jun-2021 14:50:00,5.09,4.31,5.27,4.60,6.79,5.20,6.18,5.80,5.67
29-jun-2021 14:51:00,4.62,3.80,4.86,4.13,6.41,4.65,5.71,5.34,5.27
29-jun-2021 14:52:00,4.18,3.38,4.45,3.74,6.02,4.25,5.33,4.97,4.91
29-jun-2021 14:53:00,3.86,3.06,4.12,3.42,5.71,3.85,4.97,4.57,4.52
29-jun-2021 14:54:00,3.57,2.72,3.80,3.10,5.38,3.50,4.63,4.26,4.23
29-jun-2021 14:55:00,3.24,2.41,3.51,2.78,5.04,3.23,4.30,3.97,3.90
29-jun-2021 14:56:00,2.97,2.10,3.24,2.50,4.80,2.92,4.07,3.68,3.65
29-jun-2021 14:57:00,2.72,1.80,2.97,2.20,4.52,2.61,3.75,3.37,3.34
29-jun-2021 14:58:00,3.03,2.29,3.13,2.46,4.64,2.90,3.89,3.60,3.42
29-jun-2021 14:59:00,3.07,2.55,3.03,2.63,4.87,4.01,4.47,4.44,3.48
29-jun-2021 15:00:00,3.21,2.77,3.11,2.74,5.47,4.76,4.87,4.88,3.65
29-jun-2021 15:01:00,3.39,3.01,3.25,2.93,5.89,5.27,5.28,5.34,3.85
29-jun-2021 15:02:00,3.58,3.26,3.41,3.14,6.26,5.68,5.71,5.79,4.07
29-jun-2021 15:03:00,5.23,4.99,5.07,4.81,6.50,5.36,5.90,5.73,5.27
29-jun-2021 15:04:00,5.85,5.66,5.74,5.52,6.91,5.85,6.36,6.27,5.87
29-jun-2021 15:05:00,5.87,5.63,5.74,5.50,7.00,6.46,6.68,6.64,5.87
29-jun-2021 15:06:00,5.87,5.62,5.74,5.50,7.38,6.93,7.01,7.00,5.92
29-jun-2021 15:07:00,5.93,5.68,5.79,5.57,7.72,7.29,7.30,7.33,6.05
29-jun-2021 15:08:00,6.01,5.77,5.86,5.66,8.01,7.65,7.61,7.68,6.19
29-jun-2021 15:09:00,5.31,4.92,5.50,5.08,7.16,5.73,6.49,6.20,5.89
29-jun-2021 15:10:00,4.99,4.20,5.17,4.47,6.71,5.08,6.07,5.72,5.54
29-jun-2021 15:11:00,4.48,3.70,4.74,4.01,6.24,4.55,5.60,5.27,5.16
29-jun-2021 15:12:00,4.13,3.31,4.37,3.66,5.90,4.13,5.21,4.83,4.77
29-jun-2021 15:13:00,3.75,2.94,4.02,3.31,5.57,3.77,4.86,4.51,4.39
29-jun-2021 15:14:00,3.47,2.62,3.73,2.98,5.27,3.41,4.54,4.13,4.09
29-jun-2021 15:15:00,3.15,2.28,3.43,2.67,4.95,3.10,4.24,3.84,3.79
29-jun-2021 15:16:00,2.88,1.95,3.14,2.35,4.69,2.80,3.93,3.55,3.46
29-jun-2021 15:17:00,2.75,1.82,2.95,2.15,4.48,2.61,3.75,3.38,3.27
29-jun-2021 15:18:00,2.99,2.39,3.05,2.53,4.52,3.27,4.07,3.85,3.42
29-jun-2021 15:19:00,3.70,3.25,3.57,3.14,5.19,3.92,4.53,4.37,3.88
29-jun-2021 15:20:00,4.81,4.60,4.68,4.42,5.83,4.77,5.30,5.19,4.80
29-jun-2021 15:21:00,5.43,5.28,5.33,5.13,6.35,5.39,5.84,5.77,5.42
29-jun-2021 15:22:00,5.93,5.79,5.84,5.67,6.76,5.90,6.32,6.27,5.95
29-jun-2021 15:23:00,6.37,6.25,6.29,6.13,7.15,6.35,6.74,6.68,6.41
29-jun-2021 15:24:00,6.79,6.68,6.71,6.57,7.53,6.77,7.16,7.09,6.82
29-jun-2021 15:25:00,7.23,7.11,7.13,7.01,7.95,7.19,7.55,7.51,7.26
29-jun-2021 15:26:00,7.65,7.55,7.57,7.44,8.31,7.62,7.95,7.91,7.66
29-jun-2021 15:27:00,8.02,7.93,7.95,7.82,8.65,8.00,8.32,8.29,8.04
29-jun-2021 15:28:00,8.40,8.30,8.33,8.21,9.01,8.39,8.68,8.66,8.41
29-jun-2021 15:29:00,8.77,8.66,8.69,8.58,9.36,8.73,9.03,8.99,8.77
29-jun-2021 15:30:00,9.12,9.02,9.04,8.93,9.69,9.09,9.37,9.34,9.13
29-jun-2021 15:31:00,9.47,9.37,9.40,9.29,10.01,9.44,9.71,9.67,9.45
29-jun-2021 15:32:00,9.82,9.71,9.75,9.63,10.35,9.78,10.05,10.00,9.81
29-jun-2021 15:33:00,10.14,10.04,10.08,9.96,10.65,10.10,10.37,10.34,10.14
29-jun-2021 15:34:00,10.46,10.36,10.40,10.28,10.95,10.43,10.69,10.65,10.45
29-jun-2021 15:35:00,10.75,10.66,10.70,10.59,11.23,10.72,10.98,10.93,10.76
29-jun-2021 15:36:00,11.07,10.96,11.00,10.89,11.53,11.03,11.27,11.23,11.05
29-jun-2021 15:37:00,11.34,11.25,11.28,11.18,11.78,11.31,11.55,11.50,11.33
29-jun-2021 15:38:00,11.62,11.53,11.57,11.46,12.05,11.59,11.82,11.77,11.61
29-jun-2021 15:39:00,11.26,11.05,11.44,11.23,11.98,11.29,11.70,11.58,11.49
29-jun-2021 15:40:00,10.25,9.89,10.42,10.08,11.38,10.34,10.96,10.77,10.67
29-jun-2021 15:41:00,9.59,8.87,9.77,9.17,10.90,9.54,10.42,10.08,10.06
29-jun-2021 15:42:00,9.02,7.99,9.17,8.37,10.40,8.86,9.86,9.43,9.48
29-jun-2021 15:43:00,8.46,7.30,8.66,7.69,9.88,8.27,9.29,8.87,8.96
29-jun-2021 15:44:00,7.95,6.76,8.14,7.16,9.41,7.69,8.81,8.33,8.47
29-jun-2021 15:45:00,7.42,6.26,7.67,6.68,8.95,7.15,8.30,7.83,7.98
29-jun-2021 15:46:00,6.90,5.78,7.17,6.23,8.51,6.69,7.83,7.38,7.50
29-jun-2021 15:47:00,6.44,5.35,6.69,5.81,8.08,6.27,7.40,6.96,7.02
29-jun-2021 15:48:00,5.98,4.94,6.25,5.40,7.69,5.85,6.99,6.55,6.59
29-jun-2021 15:49:00,5.54,4.60,5.85,5.03,7.25,5.49,6.60,6.22,6.20
29-jun-2021 15:50:00,5.14,4.23,5.46,4.67,6.98,5.10,6.18,5.82,5.77
29-jun-2021 15:51:00,4.77,3.86,5.08,4.29,6.53,4.71,5.80,5.44,5.44
29-jun-2021 15:52:00,4.49,3.50,4.74,3.94,6.20,4.36,5.47,5.08,5.10
29-jun-2021 15:53:00,4.12,3.12,4.42,3.59,5.84,4.00,5.12,4.75,4.74
29-jun-2021 15:54:00,3.82,2.81,4.11,3.25,5.56,3.67,4.82,4.43,4.39
29-jun-2021 15:55:00,3.55,2.48,3.79,2.91,5.27,3.35,4.48,4.09,4.08
29-jun-2021 15:56:00,3.25,2.13,3.52,2.59,4.99,3.06,4.19,3.79,3.80
29-jun-2021 15:57:00,2.93,1.78,3.18,2.25,4.64,2.69,3.90,3.47,3.51
29-jun-2021 15:58:00,2.69,1.53,2.93,1.97,4.39,2.45,3.61,3.21,3.22
29-jun-2021 15:59:00,3.00,2.18,3.08,2.36,4.51,2.94,3.88,3.50,3.31
29-jun-2021 16:00:00,2.98,2.38,2.95,2.41,4.95,4.08,4.45,4.40,3.42
29-jun-2021 16:01:00,3.13,2.64,3.04,2.57,5.51,4.78,4.91,4.87,3.60
29-jun-2021 16:02:00,3.34,2.90,3.18,2.76,5.95,5.28,5.33,5.31,3.78
29-jun-2021 16:03:00,3.98,3.49,3.70,3.28,6.24,5.26,5.48,5.26,4.26
29-jun-2021 16:04:00,5.12,4.83,5.02,4.68,6.42,5.18,5.80,5.61,5.17
29-jun-2021 16:05:00,5.63,5.41,5.56,5.32,6.67,5.66,6.17,6.03,5.67
29-jun-2021 16:06:00,5.59,5.34,5.47,5.21,6.89,6.32,6.50,6.51,5.62
29-jun-2021 16:07:00,5.64,5.37,5.50,5.26,7.30,6.78,6.85,6.89,5.70
29-jun-2021 16:08:00,5.70,5.43,5.55,5.34,7.58,7.15,7.14,7.22,5.83
29-jun-2021 16:09:00,5.45,5.09,5.57,5.21,7.28,6.08,6.63,6.33,5.86
29-jun-2021 16:10:00,4.82,4.08,4.99,4.39,6.69,4.99,5.99,5.61,5.46
29-jun-2021 16:11:00,4.38,3.62,4.64,3.93,6.22,4.47,5.54,5.13,5.06
29-jun-2021 16:12:00,3.92,3.13,4.19,3.50,5.76,3.97,5.08,4.68,4.62
29-jun-2021 16:13:00,3.59,2.70,3.84,3.12,5.44,3.53,4.68,4.28,4.28
29-jun-2021 16:14:00,3.26,2.33,3.52,2.76,5.13,3.24,4.34,3.97,3.93
29-jun-2021 16:15:00,2.97,2.01,3.21,2.43,4.78,2.83,4.08,3.59,3.60
29-jun-2021 16:16:00,2.63,1.64,2.89,2.06,4.48,2.50,3.70,3.28,3.27
29-jun-2021 16:17:00,3.02,2.28,3.10,2.42,4.56,2.87,3.89,3.55,3.39
29-jun-2021 16:18:00,3.02,2.47,3.01,2.56,4.93,4.04,4.45,4.30,3.46
29-jun-2021 16:19:00,3.17,2.70,3.06,2.66,5.46,4.74,4.91,4.82,3.63
29-jun-2021 16:20:00,3.34,2.95,3.21,2.87,5.88,5.23,5.27,5.24,3.82
29-jun-2021 16:21:00,3.54,3.20,3.37,3.08,6.24,5.70,5.62,5.66,4.03
29-jun-2021 16:22:00,5.20,4.94,5.07,4.75,6.46,5.33,5.87,5.70,5.24
29-jun-2021 16:23:00,5.76,5.56,5.67,5.41,6.78,5.79,6.30,6.15,5.80
29-jun-2021 16:24:00,5.72,5.48,5.61,5.37,6.89,6.33,6.54,6.49,5.71
29-jun-2021 16:25:00,5.74,5.48,5.61,5.37,7.26,6.77,6.82,6.86,5.78
29-jun-2021 16:26:00,5.78,5.53,5.65,5.45,7.57,7.12,7.08,7.13,5.88
29-jun-2021 16:27:00,5.88,5.62,5.72,5.54,7.79,7.41,7.34,7.43,6.03
29-jun-2021 16:28:00,5.05,4.57,5.24,4.78,6.91,5.47,6.31,5.95,5.65
29-jun-2021 16:29:00,4.66,3.88,4.89,4.20,6.46,4.78,5.81,5.39,5.31
29-jun-2021 16:30:00,4.16,3.38,4.43,3.75,5.98,4.26,5.33,4.94,4.84
,,,,,,,,,
,,,,,,,,,
,,,,,,,,,
,,,,,,,,,
,,,,,,,,,
,,,,,,,,,